date,pm25_cf_1,humidity,temperature
2017-01-01,25.71443303058972,54.92944889644924,59.43311457140957
2017-01-02,7.568053835032974,53.61831942287633,61.7235963670565
2017-01-03,18.169412182781493,52.46052375418619,62.95632766818546
2017-01-04,21.87517247372564,51.5064224953826,63.94405725726816
2017-01-05,16.6506204677997,65.33555914715197,65.90194107861538
2017-01-06,6.5276088204941525,52.095463887170695,65.67350013526847
2017-01-07,9.225567877098026,43.37621326299555,66.51144857974415
2017-01-08,16.496864023114238,42.527193029753285,69.9902840595736
2017-01-09,15.247004006900005,60.50839283132105,66.92377336821953
2017-01-10,14.732931878926069,65.64871758566368,64.04367639740973
2017-01-11,3.650930123445106,60.652970758852774,66.95226917411875
2017-01-12,4.774159599841174,64.93467349804848,63.25175795283421
2017-01-13,6.16767577175212,56.50532453101932,62.585474487127776
2017-01-14,10.155034811546058,44.43973600355367,66.13039940774213
2017-01-15,14.538415975242955,52.763294969251255,65.48597125732307
2017-01-16,15.269044704304546,49.061322398597675,65.73900279886722
2017-01-17,14.62999344440548,42.397976207892206,63.705326982769655
2017-01-18,21.14441362492265,52.36284502144107,61.88969233780802
2017-01-19,9.883567971390422,58.17012067536462,64.48615083809669
2017-01-20,2.240364413278507,63.93234391305478,61.48181198961362
2017-01-21,1.552611260966252,51.196043771554265,61.58854333890931
2017-01-22,3.726103973321402,66.9633161642556,59.615080342073135
2017-01-23,1.484780140904972,60.04731719505366,59.04550649844588
2017-01-24,6.118841331646225,52.70938968164791,58.04235019578507
2017-01-25,12.297190707430495,48.778497823863674,59.69210280178659
2017-01-26,13.462944721434884,44.86264662814408,60.46803860751536
2017-01-27,3.682504589145437,28.50087834099624,62.2510973845897
2017-01-28,5.24205774357432,22.056696722998296,66.99782007964477
2017-01-29,4.936705812385956,19.994539911865427,71.58426798796631
2017-01-30,5.833623980321652,25.88759922011731,71.95957279939218
2017-01-31,12.88205760839656,34.57783227912792,70.09925033257024
2017-02-01,26.855295963615372,48.47787180554195,66.85951783018243
2017-02-02,25.633403223738135,50.35499113989889,66.60690317776759
2017-02-03,25.688826734452434,59.70078478717508,67.10650727390492
2017-02-04,18.944087400244996,61.0973189264099,67.45788241375264
2017-02-05,15.667850033821516,59.02067154639909,65.10414387577664
2017-02-06,8.221562025550673,65.35939864361885,65.17071539874391
2017-02-07,6.917000833452051,66.20981937536821,69.12007530669771
2017-02-08,9.817162540717474,63.53271807644309,71.499846648476
2017-02-09,11.462623854744786,62.188819351904726,70.56772717177485
2017-02-10,21.709387936495258,63.75374842736671,68.97644007616873
2017-02-11,6.3615989453385495,62.010964411451624,67.50039552546535
2017-02-12,4.53812185120872,49.412766104284216,67.32529330502427
2017-02-13,5.108729069507231,37.736729975348574,71.8844628597164
2017-02-14,9.487548346018247,53.3479892623043,70.36761687935879
2017-02-15,15.947133489857649,52.874995546575406,69.16538880265811
2017-02-16,15.031660860689495,53.64740250168808,67.99413048055709
2017-02-17,8.71651789865111,64.31783070825252,64.9241294734211
2017-02-18,3.698724248709732,65.02721121991138,63.17658089226791
2017-02-19,5.358760161541489,57.41223924212016,65.27107844200246
2017-02-20,3.836486413415981,59.52620081992018,66.92531380255862
2017-02-21,10.767650055345069,56.06731201611024,70.864891625656
2017-02-22,3.751313971381433,54.271222798560075,66.69998714129932
2017-02-23,2.4095222028409613,36.896750838546005,61.84799983623275
2017-02-24,5.0264583757897405,32.91102964998575,61.47495627989412
2017-02-25,15.115328760549524,46.245085506694586,61.26182075850837
2017-02-26,4.301769194058421,54.07515404000899,61.43350232367611
2017-02-27,4.549080048605721,55.36690541912557,62.56102861856717
2017-02-28,11.697211514970306,48.02171911850514,63.22102604687139
2017-03-01,10.862145523188737,36.960650927566384,66.55945717359006
2017-03-02,4.2931065278404175,27.27442813892662,69.55392207270833
2017-03-03,4.060012928968783,23.23396033949483,74.13580383319123
2017-03-04,11.220731621878713,43.27974918392678,67.68568955458773
2017-03-05,8.569087180265123,53.00069169678723,64.58156061379981
2017-03-06,2.210940465719833,38.3095571926315,62.55918836415338
2017-03-07,5.146123137275063,36.7654298179457,67.33417428765102
2017-03-08,7.062326228378034,35.31198167289602,72.82733867422293
2017-03-09,11.891884117958236,39.86788284857184,74.58803193908055
2017-03-10,23.515561584142855,41.76765838682312,73.97386302829312
2017-03-11,27.109544515656804,50.45500763570431,72.20451556736556
2017-03-12,39.59162637327744,54.51336109149116,71.82060215657675
2017-03-13,42.411371941232,53.136542953088856,72.66040743673169
2017-03-14,34.17209206402306,52.087223192098584,72.24287078620317
2017-03-15,20.450357096578205,51.300462301456555,72.7208488708528
2017-03-16,15.261343308249986,51.008202349087505,72.84185901236894
2017-03-17,23.910618327481757,54.96492760808581,71.84984079040503
2017-03-18,32.162910004516654,53.1591117270595,71.82748061699786
2017-03-19,30.463334461115323,54.863162943824534,70.46246896462095
2017-03-20,11.426516585684247,50.25577467645092,70.9160230775719
2017-03-21,6.8651809563872535,55.31778859882265,70.39255450945004
2017-03-22,3.95037688275732,59.9269352509799,69.96087341879122
2017-03-23,2.4846100382542393,46.34764962559989,68.03213444438802
2017-03-24,6.082473856369315,50.00068257527681,67.903976433491
2017-03-25,4.906080747534264,55.193795314414615,68.7341402350565
2017-03-26,10.359557234581866,56.01378142282554,68.96573864588571
2017-03-27,7.776193020622838,51.51750002760887,69.76688051329047
2017-03-28,3.367582286236314,34.726573963229804,72.5994770570663
2017-03-29,6.883460035216746,38.270642210055136,75.17375813808123
2017-03-30,10.497822295658471,48.02851860597363,72.06496714331738
2017-03-31,9.142835066944835,30.991356736931763,69.8703046153114
2017-04-01,12.340057758943912,42.554261300829765,70.05166579993958
2017-04-02,13.573350084292493,48.70427252803038,71.21980601133906
2017-04-03,11.696418166058969,52.462025057720375,69.3066914670399
2017-04-04,12.688171890613622,48.61382074873486,71.918743089274
2017-04-05,17.8294632952981,50.06708230980343,73.87082866719628
2017-04-06,11.918522322524202,51.00222218716349,72.49392976139278
2017-04-07,11.85470915090602,50.34836094359758,71.54565609197714
2017-04-08,6.209421630044791,53.12384694227342,69.48424525800996
2017-04-09,5.977989063766532,43.93588839125394,68.49661451760191
2017-04-10,8.215501098009575,42.74597011735071,70.81772812030434
2017-04-11,13.025666175685018,43.766968480982136,71.02051856640091
2017-04-12,10.7612351011815,52.1879038333282,70.1903146130247
2017-04-13,3.555302061337356,53.10767525016624,70.84122522259524
2017-04-14,3.955505517373858,47.09762366485055,68.90289436287335
2017-04-15,7.491285349995628,43.71463090595838,71.00024195575665
2017-04-16,7.313071718671443,46.786860545500254,71.41528249120161
2017-04-17,5.559793237179488,48.046164529914535,71.93961249371543
2017-04-18,3.7739555926678983,57.611531028526166,73.30090593454965
2017-04-19,5.114492570879995,54.74864152840623,73.8168580249885
2017-04-20,10.781915346907994,49.38154185007337,73.41581701398508
2017-04-21,11.15043947963801,41.61888197586727,77.77367081447963
2017-04-22,10.666417118475945,40.37459337659256,79.45874387447287
2017-04-23,8.121977642659628,47.50825541242138,75.35215034475328
2017-04-24,9.018597813927096,48.920213412009176,73.6173045398018
2017-04-25,5.38052875749065,45.82197725248636,72.42307862510232
2017-04-26,6.1313690717697344,44.57306254809616,74.33192892541632
2017-04-27,6.557938478392523,51.65652099044746,72.94853594771241
2017-04-28,4.286218760647967,27.88159251582461,78.12997112434716
2017-04-29,2.1848651483157364,16.10598366013072,79.07155568124685
2017-04-30,6.6428419036576685,30.37789291101056,76.90657119840944
2017-05-01,10.572608679544684,42.88078658837115,76.96546876984009
2017-05-02,12.23050457722645,46.86032007046516,78.03796785159913
2017-05-03,11.1198773699095,49.580503990862375,77.8370753232917
2017-05-04,18.530824996762856,52.870436807201514,75.3158964996255
2017-05-05,16.228256974610357,54.065509986045704,72.39500400416577
2017-05-06,6.727932842193989,50.84253242249108,70.04411236142366
2017-05-07,2.006811862057498,50.048558865187736,65.7641969065413
2017-05-08,9.01594146723691,51.736371886144454,68.03893428637785
2017-05-09,8.408586191108805,49.76215717343566,73.16598599443849
2017-05-10,6.059596021646725,49.32516991341257,74.01715038698246
2017-05-11,7.937443868250321,51.42391321899627,73.35713984703041
2017-05-12,17.33572934557391,52.22464120862399,73.11959155787886
2017-05-13,7.458235881311087,45.938904223134855,73.093492257583
2017-05-14,5.746601084087482,45.08447948946478,72.8347778920426
2017-05-15,3.688657007520019,46.19780965766259,69.52988988680164
2017-05-16,3.813668865519249,47.49098940652794,69.40721094396642
2017-05-17,4.71169412108598,49.26005993615648,70.82128449638361
2017-05-18,8.212196720694882,49.59948780794369,73.33712759190699
2017-05-19,7.103555004766074,44.0712258284365,77.07481524993194
2017-05-20,7.755250065565651,34.87996470395522,80.39867748075548
2017-05-21,6.152874453718939,44.919286845933264,78.744352011657
2017-05-22,16.820847409198382,52.81542558594669,75.45923201123968
2017-05-23,20.54218722586684,52.91684087266635,75.46680591207951
2017-05-24,14.32478509436014,52.946018265475786,73.01340347392842
2017-05-25,6.21836505351285,46.52018528951393,72.94847286747542
2017-05-26,2.828488802352524,45.449281710652976,74.71239590884407
2017-05-27,3.083070823815405,49.044543854837976,73.12388747962277
2017-05-28,7.811017838304457,51.58057228789965,73.97405793138849
2017-05-29,16.435783088525135,52.98260198228858,74.02838075834701
2017-05-30,22.119886266295985,53.51194923845749,74.1500886667135
2017-05-31,21.06544767543955,54.1405781240404,73.7164428765324
2017-06-01,15.575042226084042,51.76591675675372,76.11150228976764
2017-06-02,23.66371950949567,53.37696498863907,76.20507502991259
2017-06-03,25.942487736718626,55.12366426329662,76.56110720706309
2017-06-04,27.22869956427015,56.32256670395521,75.55342134767751
2017-06-05,22.93228086090995,54.31518342240675,76.08252878678803
2017-06-06,22.13468266027243,55.862597083603866,75.23632698861475
2017-06-07,13.634656786497136,56.08571538588309,74.80112851078069
2017-06-08,12.120298421717171,57.01873737373737,73.77151936026937
2017-06-09,8.558674142822733,53.980445940701244,74.4718573372757
2017-06-10,4.448586433549224,53.125278425278424,75.66739283864284
2017-06-11,4.287339583333334,50.00987373737374,74.75815656565656
2017-06-12,3.4126296999102927,45.98004878997779,73.6150058646003
2017-06-13,5.675728495957639,48.01289928840198,75.3656655823169
2017-06-14,8.388882366694299,47.853344253344254,78.12020963881429
2017-06-15,9.4868797032392,46.36208899319631,80.95369224569139
2017-06-16,11.633388846790716,52.54006789287163,78.81805093113505
2017-06-17,12.270865192916483,54.753131633362614,78.07611394744548
2017-06-18,19.544568029708316,56.55908122404677,76.89078280596705
2017-06-19,17.939783510981915,60.6226539039039,75.23584834834834
2017-06-20,15.10317358595008,59.46500420875421,76.1227640993266
2017-06-21,10.981200659219,58.54017781986531,76.79007786195287
2017-06-22,11.982006444654884,57.33489546629082,76.75904502877613
2017-06-23,14.828972505802463,59.34597807043301,75.23598203449221
2017-06-24,7.409225971215782,60.02999446989273,74.52954924731814
2017-06-25,8.77686324179293,57.48742735852111,76.9085631960632
2017-06-26,7.663876850674101,50.6081378752132,80.65299000814515
2017-06-27,3.982847775764895,51.19209535583693,79.0521071190078
2017-06-28,7.803462241298859,53.15909543594864,77.14394514427218
2017-06-29,14.99370996873358,49.96978244976746,78.30668820601353
2017-06-30,19.538630168555475,53.78148456105773,76.66140745616737
2017-07-01,19.42520023148148,56.75445601851852,75.93446443602694
2017-07-02,12.654919851023823,49.647912361035765,79.11488892548675
2017-07-03,17.140753472222222,53.80380291005291,77.2165404040404
2017-07-04,11.747484348695286,59.23274533121917,75.46683795317516
2017-07-05,10.653130546210033,57.51307487597458,77.26788505556674
2017-07-06,14.614151201733648,55.53276515151515,79.89077756734007
2017-07-07,10.737176013989531,51.25224116161616,83.15648674242424
2017-07-08,12.80530504580341,49.79644324588224,86.08198055379751
2017-07-09,15.1015692431562,50.87489049898207,86.42465277777778
2017-07-10,18.84388476850964,51.70688856071306,84.61634071108561
2017-07-11,13.62995656857032,55.3193201514248,81.94958791208792
2017-07-12,9.934085963804714,55.86799266893743,80.01362828870096
2017-07-13,15.775088212285905,56.79127111717955,79.55712184832824
2017-07-14,13.340422604669888,57.28977272727273,78.431007996633
2017-07-15,11.881849322024593,56.11767297490408,80.0984091153786
2017-07-16,15.22634367451691,52.563144005355205,83.63213177975406
2017-07-17,14.435590290665134,52.44950279855803,83.43452781203509
2017-07-18,16.86505940100941,52.72610509803828,83.32717100932155
2017-07-19,15.661028117300877,55.032472207510125,81.51211711044007
2017-07-20,15.244756861658614,53.08916084599094,83.33986893465413
2017-07-21,17.428004216712115,52.793149736783455,82.43501868716984
2017-07-22,20.918275905797103,53.521586993970715,82.54017618040874
2017-07-23,16.43812220902085,54.84578880988,82.13070807745227
2017-07-24,8.571712372822427,55.336187060187314,80.33918234416971
2017-07-25,8.288141200043917,54.288547796808665,81.34065235690235
2017-07-26,5.842728421900161,54.43659541147913,80.89607147051915
2017-07-27,6.65813030120041,54.78082795004307,81.03322879962414
2017-07-28,13.696423086348323,53.77683133859604,81.20145148968678
2017-07-29,17.396317893871426,52.30135948293177,81.83545810523502
2017-07-30,14.309778496287445,51.88678814603739,82.50376839680935
2017-07-31,17.155545208607816,53.35074608965913,80.86678963548529
2017-08-01,9.383198336398404,52.72553193757272,82.87543379220183
2017-08-02,11.037001268325843,53.157599068935795,85.88921376069662
2017-08-03,9.863207825046022,51.620104153786315,86.86809119170546
2017-08-04,11.043874788255224,50.79170774651705,85.58055131638388
2017-08-05,12.960000791953751,52.474027156814046,83.43859082629574
2017-08-06,15.42693282004831,53.028703703703705,83.58171296296295
2017-08-07,17.33809915880846,52.16225037176164,81.75748882093359
2017-08-08,23.075896224822895,49.877666724375175,83.13319530906391
2017-08-09,21.885358316682535,52.78127805904385,82.16276224289493
2017-08-10,18.533353262607086,53.356022345634365,82.58503443924579
2017-08-11,21.49208604560891,53.366507074035496,81.7156213104929
2017-08-12,27.51790253696677,54.67529689677066,81.30245194380247
2017-08-13,27.288561460169166,52.752989400533075,81.75473336176115
2017-08-14,18.48203236775972,52.29592864026741,80.96006441223832
2017-08-15,6.0245938672926584,52.006737974171934,80.14764799904513
2017-08-16,8.719559425232838,48.99119451921102,80.84380788642129
2017-08-17,12.665065360794475,52.47606722114326,80.27307481581407
2017-08-18,12.564054302599876,55.630177576816656,79.39448345745882
2017-08-19,14.999717143401137,54.826560267299335,79.08320201825384
2017-08-20,13.224760861540435,52.367729262247536,79.65553481141106
2017-08-21,9.50109814308428,50.58065995425397,80.84659660748522
2017-08-22,11.78138909329305,56.51320035096285,79.6521626736077
2017-08-23,22.08727880835533,57.02504520248553,78.9174166594263
2017-08-24,27.54247182054244,53.95631042902908,78.79689319102236
2017-08-25,29.6477212295052,56.31456960913482,79.48435833490181
2017-08-26,32.799722594629024,58.71341187024371,79.9244148098688
2017-08-27,20.10719894402095,61.64304954304954,78.54976250601251
2017-08-28,24.230081568190265,59.17495147311549,80.08587034225805
2017-08-29,34.38788416365668,54.69054670671519,83.08421276036765
2017-08-30,20.898202851175295,50.95379823602355,85.03784822070692
2017-08-31,14.170365860120032,48.60519451986672,87.97723967330832
2017-09-01,15.074949012370617,50.15696925453761,88.96389636154106
2017-09-02,14.645872620616098,45.6361370223979,89.97157036200514
2017-09-03,14.566162813872522,46.03305867691253,91.56579009174048
2017-09-04,14.84307624364112,56.03839949088543,85.84440975094729
2017-09-05,21.298800017269617,56.68392588358305,83.21459492974913
2017-09-06,23.56672472492396,56.666817155328694,81.19125814831793
2017-09-07,25.35727491907806,55.63816374290408,81.09946922933034
2017-09-08,21.422208757376964,54.493333291660385,80.91507197215867
2017-09-09,23.03414888630984,51.90005469032712,80.79928375563667
2017-09-10,17.677543191446695,53.103596868884594,82.12331007323547
2017-09-11,15.42858112618688,50.56688951905132,84.44112111499675
2017-09-12,14.991195314916618,56.6379962853324,80.91265965125459
2017-09-13,11.381596275247208,54.997017073494405,78.62645471922328
2017-09-14,8.431861226629072,53.367156686827215,77.15878247309261
2017-09-15,7.1600675356110655,53.94723077948352,77.95053305587585
2017-09-16,10.923901321299056,54.46483051680523,77.82406774738963
2017-09-17,16.5266384939035,55.460585045578675,77.22992583101997
2017-09-18,18.73497475108563,56.17385833367979,76.79404199484885
2017-09-19,17.602036992912574,53.53952896782384,78.41144810935894
2017-09-20,13.142600202188127,53.47100233224366,78.3443426372635
2017-09-21,9.212141431211498,53.16904354761579,76.45314250696747
2017-09-22,3.8993829456833993,48.19836592459016,74.066575968479
2017-09-23,4.171811292365408,48.0877812029149,74.1048049119239
2017-09-24,9.306317920857133,41.02634135091982,77.0906719812436
2017-09-25,5.707688061096973,28.21360829013337,80.10202637720215
2017-09-26,12.700834918266224,38.781843081126624,79.44603972268213
2017-09-27,16.384242114163243,50.05331113110377,78.72085151746907
2017-09-28,19.17536165696121,49.24457848349076,79.0848586726813
2017-09-29,17.742468230079453,49.693982566476954,79.9581461915701
2017-09-30,36.241785861056705,54.214518434583375,78.39217332730477
2017-10-01,19.887012450515304,52.50898643886064,78.0920519921657
2017-10-02,9.961071376362389,50.715602958809946,77.67953510033655
2017-10-03,13.23491211113841,53.36035114777502,76.4141539342486
2017-10-04,10.977097055242645,47.30216397847695,75.62933200700176
2017-10-05,12.051969770249787,44.07351375690046,76.95727739183934
2017-10-06,18.19149305609744,39.91885537492861,79.99385464681978
2017-10-07,17.571565715104533,36.10106855802207,82.11363892126249
2017-10-08,19.584163448580345,51.12907376161161,78.23010291383929
2017-10-09,14.808516018658436,43.72095610970914,79.33940929525608
2017-10-10,14.484033574324656,44.602810464147474,77.60327439510716
2017-10-11,13.973326636284312,52.66482572573874,75.45760578544922
2017-10-12,24.38865252724923,53.15084068185648,75.29596871272855
2017-10-13,34.12958301473307,54.109394030294176,74.7520228069302
2017-10-14,47.62355414978118,51.35798830853044,76.79384302630423
2017-10-15,27.482172022138712,31.770593972805425,82.12326285747041
2017-10-16,13.892506307584206,24.656079436868552,83.96373628139472
2017-10-17,15.62930988998665,28.503107197952673,84.02327913341928
2017-10-18,28.105946567801254,43.03677589194197,82.16109997435211
2017-10-19,31.346941189635057,52.73582316791188,77.81933151727146
2017-10-20,9.245650217633449,53.28753406161677,75.59168483543635
2017-10-21,5.464956296902053,40.204169924209815,74.86857328177403
2017-10-22,7.612179932366671,28.645711479326984,80.65580524604522
2017-10-23,5.575961035603857,23.128315616129637,87.44775047167032
2017-10-24,5.989988332428798,20.477902509623295,92.3370048532183
2017-10-25,4.728521339699116,16.8296379743614,91.00569358554364
2017-10-26,13.526834808925676,26.94351956771235,84.61711923834493
2017-10-27,23.918923202685267,39.65085271822014,79.25361349001719
2017-10-28,38.94539148562373,54.474833788578195,76.40392397167986
2017-10-29,50.35260003188187,56.097997603504865,74.41759046992989
2017-10-30,20.38357792752168,51.833269742527634,74.68168361697593
2017-10-31,13.390335798981932,56.00910820346832,73.84314187770532
2017-11-01,8.954576049167738,51.065967407004415,74.82877526621778
2017-11-02,3.417071296019526,50.32675035248674,72.86870206391811
2017-11-03,9.449321437194463,46.39107197665578,72.86645749812703
2017-11-04,8.610470347843952,49.06456571688203,72.4667828734165
2017-11-05,4.724008753652772,54.98299250855707,73.11975031720837
2017-11-06,6.428281741271078,50.84287038849025,72.65664360421914
2017-11-07,5.979826406185872,49.049648879358834,73.96281456250142
2017-11-08,7.455588364321105,51.4313534761285,73.51748716717717
2017-11-09,5.141993516610521,55.53257151678939,73.2336013971422
2017-11-10,7.473143837394886,54.65714705172006,71.88394692413841
2017-11-11,18.61814528349373,54.118188377106655,70.54582588182826
2017-11-12,31.094311019495983,55.97325659815213,70.78281399226839
2017-11-13,33.568399677561366,51.73189444718425,70.65654538003069
2017-11-14,26.04212940216149,47.39359167566773,72.17353096102197
2017-11-15,24.260116718745184,45.124940468856536,74.17196312153858
2017-11-16,23.633068826858473,42.76935383858721,75.37124820895318
2017-11-17,4.307151397129939,52.55111526097174,75.08391411661509
2017-11-18,10.356086745945545,49.46139348378629,72.13338464962055
2017-11-19,7.940971074589707,30.50974196781477,71.13575180268731
2017-11-20,15.950749168497184,38.13234475274973,70.49353596944898
2017-11-21,19.585131991924584,33.4407533225843,76.33581321681278
2017-11-22,7.845471834774779,26.865960826720432,81.08001795705339
2017-11-23,6.544589984282178,26.864359976962167,82.41652375376226
2017-11-24,17.52380897241617,37.14135301998198,78.20347088757592
2017-11-25,28.0510950351756,43.9634047731932,75.98637566016303
2017-11-26,52.14505665025904,54.98771051117121,71.5484982981949
2017-11-27,18.231497390311965,50.59621611830255,70.26405098292028
2017-11-28,6.217384814405547,40.53032363562093,69.37376507815398
2017-11-29,12.608204073431244,46.37612683905047,70.24289859964644
2017-11-30,20.729092003792427,45.75633830541598,69.65244220500813
2017-12-01,16.823956939037505,47.280386175948806,70.98168097355841
2017-12-02,23.045185833435376,45.64815299728495,71.69823894514627
2017-12-03,28.23806970481886,50.657394352270344,70.40713083789547
2017-12-04,22.0727110667358,37.70405956001197,70.20821223664933
2017-12-05,5.233758712224502,15.62675703186572,70.40733609524074
2017-12-06,21.878444602975694,18.656004928391944,71.0177135880293
2017-12-07,21.523134803533697,17.51020847353965,74.09625501088617
2017-12-08,22.4235143157952,19.582648204083444,72.96055395880003
2017-12-09,24.580407620180956,19.4297908321817,75.60584467765717
2017-12-10,9.481190472150566,17.0740918142888,75.81449715847683
2017-12-11,8.325937745310636,17.74655441074976,75.56495854497031
2017-12-12,19.50562248814203,19.437444118540267,73.73511953373361
2017-12-13,23.24555247221405,22.00841468514338,73.52607973337176
2017-12-14,33.54784159782508,32.67898093449589,71.23904044065078
2017-12-15,19.58405488161511,24.295415222244507,73.35644598912039
2017-12-16,38.2136923799364,38.89151185806699,70.51519845666795
2017-12-17,16.732705568227857,27.33719758992942,70.9372111163613
2017-12-18,6.472695101042634,24.5046529086838,69.55507694267867
2017-12-19,21.307449260804972,37.54816149111204,68.04876435493564
2017-12-20,24.93272470997977,47.206070977342534,65.65079707567831
2017-12-21,4.295559348443351,25.240073963053543,64.26762956251795
2017-12-22,10.130098829831567,28.144467874264254,63.62729880975448
2017-12-23,15.774282397715192,32.802358938448315,65.10647218554737
2017-12-24,25.640879400858616,38.61519144558855,67.56329037548231
2017-12-25,69.68158740536839,42.095823919955336,66.1186512183986
2017-12-26,76.7632350944671,44.98766572423003,66.68189160972571
2017-12-27,64.91601946434358,41.55951805594898,68.71250018448531
2017-12-28,39.763763024189984,39.62266851502134,70.23251032937371
2017-12-29,24.335353798785142,33.249107600134174,72.46931414037583
2017-12-30,37.972721512054854,44.451956376867834,69.22979390185549
2017-12-31,60.68616784302316,50.357615831837926,68.28673137364797
2018-01-01,95.36380113579692,48.98820618425427,68.13984168454311
2018-01-02,51.329156468117056,47.01019089696032,71.0623644285559
2018-01-03,30.634010134097434,42.19508200370112,71.7372654122445
2018-01-04,34.097902804846974,44.06052117362386,72.58798961521302
2018-01-05,20.994596831955334,50.81312797860728,72.58527526313941
2018-01-06,19.727099651032542,57.13290106402655,72.18061192595884
2018-01-07,32.759479799131455,55.23168788313203,72.59293078298163
2018-01-08,27.839383279616488,58.651215877368614,72.2551001454274
2018-01-09,6.750445927785378,61.85787851649187,68.22906667990307
2018-01-10,15.386747512210672,54.81821031296152,67.5123174974095
2018-01-11,28.34596245448211,54.00258312049125,69.39858640313892
2018-01-12,38.060572435787535,53.09038658871119,70.18413123515478
2018-01-13,14.93628236549663,34.98345023268073,75.55347028687424
2018-01-14,7.235988036380681,27.95597216662207,76.53096780878545
2018-01-15,23.44596468499707,43.90488937228437,71.15997532756599
2018-01-16,33.221812623225226,51.29456251943316,70.8747798594021
2018-01-17,28.482638136032527,47.284706686205325,72.28379060353359
2018-01-18,22.320631376010702,44.839376679530574,73.06175899265145
2018-01-19,19.604914650249043,55.42955774423464,69.69125390502762
2018-01-20,2.621558234534787,33.98645521903474,66.37693527113846
2018-01-21,7.112228094960235,30.378298419155858,64.65161773188511
2018-01-22,10.76096206743184,31.631222656826267,66.44207687265437
2018-01-23,8.722957401403043,30.845911519773857,69.08775757947448
2018-01-24,7.048794879039425,28.319440114883204,70.403523216151
2018-01-25,9.879062022802303,43.42106644569401,66.34208896565124
2018-01-26,6.246412310877782,36.24707597865116,66.31993269777861
2018-01-27,8.021725269652022,26.807577896889896,69.19087050013279
2018-01-28,10.253447726876578,23.454162475271843,75.6098778724251
2018-01-29,4.670894181385194,21.093847144740767,79.45041371403282
2018-01-30,4.285957737116134,22.239360756595826,77.55424782307836
2018-01-31,15.883188522398882,28.964740680440084,73.90500118129383
2018-02-01,29.91809265203071,33.5122056673731,73.40094303277209
2018-02-02,35.937793968906405,35.50089488989498,74.54871738680357
2018-02-03,36.3607506807241,34.360831632850584,73.93810627308797
2018-02-04,34.09521453602635,37.703713698449285,72.60144942741378
2018-02-05,35.34901053992914,45.067348656175795,66.7770916703599
2018-02-06,43.663916878213506,49.917371364066646,71.27058665761125
2018-02-07,26.55123437823613,40.8571126200458,72.90167606068782
2018-02-08,14.654689700868389,31.634370582648828,74.37590746020078
2018-02-09,18.89307468676429,41.265682520397725,72.49410895297822
2018-02-10,27.54660416043997,50.20367565154761,70.15364106404907
2018-02-11,21.91313993803734,45.1154883483504,69.82648620331139
2018-02-12,7.698853143203403,45.47292617617627,67.69024033078095
2018-02-13,3.398004996883188,41.77894481806608,67.39408780487034
2018-02-14,6.180721312082952,38.85825833155669,70.28991075823676
2018-02-15,9.95944218913199,39.62455361333824,70.79864607276379
2018-02-16,6.316448724601324,27.9109040857597,71.30225251150577
2018-02-17,9.985161432757842,29.18534318494468,70.71529361695877
2018-02-18,10.719824590510044,40.033466167808534,68.55616138111007
2018-02-19,2.464484976773647,31.041241774497045,63.86356842276844
2018-02-20,2.434341283371384,21.05987220217249,61.25998512109841
2018-02-21,5.983670682803201,26.14868612005798,62.847257674618966
2018-02-22,6.27535909283624,35.39195121231309,62.43744553361402
2018-02-23,3.1620778433779333,30.73909190339076,61.906336879526904
2018-02-24,6.292254362295966,23.70670318975758,62.54429611128995
2018-02-25,10.134872229721188,29.76266668684545,65.148137090058
2018-02-26,9.168932693553508,32.840049385336066,65.05899117643345
2018-02-27,2.7676316640534258,41.711329604741145,61.57078223788664
2018-02-28,8.251486861598428,39.20755026568179,61.96044784407386
2018-03-01,9.00389245567836,42.14479694603534,64.44525649773922
2018-03-02,7.487443647139957,57.76891953155448,64.02945010993533
2018-03-03,9.019926654781104,53.170774468235045,64.78703874104053
2018-03-04,5.31750257228081,40.58199082535605,62.78258303920759
2018-03-05,6.292266540132652,27.33435116828594,67.53377251003887
2018-03-06,4.232853677241922,21.175228385329547,71.67244107876968
2018-03-07,9.756007060805402,26.891470461627016,69.75511791872414
2018-03-08,15.197065060075838,32.62696379140041,70.73993080675326
2018-03-09,12.931367508012714,45.30204061399953,70.95338427311887
2018-03-10,22.465308927768696,58.297720035956154,68.6804860051396
2018-03-11,4.8796405587214196,57.398732841659005,70.49789830554705
2018-03-12,20.402212366859924,53.63286689987912,71.92669814998726
2018-03-13,20.888293782784032,57.015943322393184,71.58515146072327
2018-03-14,2.936453126013402,52.28496597180046,69.75140720806735
2018-03-15,1.4943111763176178,46.28014319622815,68.18956793434396
2018-03-16,3.8219354428300383,47.01119030623635,65.92595735556128
2018-03-17,2.7322311189566895,47.55993438063001,66.07833070464864
2018-03-18,4.2316646128206274,42.868669622612806,64.99369804721485
2018-03-19,6.08803411015934,35.9458677090616,69.4299668538137
2018-03-20,9.974360095055854,36.23131449878293,70.970800060096
2018-03-21,7.466044200751074,50.38332664629776,69.77610242514626
2018-03-22,10.83176430798638,60.09332303550887,69.82665063030389
2018-03-23,7.909408554284721,53.51918945382394,70.44680313477231
2018-03-24,7.991665403601354,48.35218246272456,67.94369044443566
2018-03-25,3.934210134585031,42.84983417886187,66.98283445976247
2018-03-26,3.109668939946541,32.51200297073575,67.88436645273852
2018-03-27,2.754491413520075,24.75123709119576,71.88690156713753
2018-03-28,6.851152366384735,34.53926371778959,72.12867872916112
2018-03-29,15.296131379224908,43.46287655415439,72.33729659656154
2018-03-30,23.50247669985102,44.51946774432495,73.1922340360682
2018-03-31,31.044290836480325,46.14555626276216,72.18835862572355
2018-04-01,34.083838700419285,48.95014436203726,71.0665064529507
2018-04-02,21.45585320031565,47.30787992119022,71.0304891183785
2018-04-03,18.36041929647515,46.90945067598775,72.06228504023257
2018-04-04,30.41284148944995,51.87945211713945,70.28579656703215
2018-04-05,37.84825343586999,50.74954354886673,71.43274116717899
2018-04-06,12.881407643175356,47.702448516182024,72.38589202661957
2018-04-07,10.125909394815269,52.15070549419066,73.66241438454473
2018-04-08,8.036258115708248,45.710410194534816,74.11600432632743
2018-04-09,8.141310723217964,31.78771145851535,80.28267397122714
2018-04-10,11.627285433808083,31.633346846396982,81.62901800794597
2018-04-11,8.862222650300946,38.26113419721184,76.94140742590723
2018-04-12,3.636228473453496,34.003779909005154,71.40183668793334
2018-04-13,2.8723523941450626,18.73702023038765,74.37800628485374
2018-04-14,9.79153402819862,21.049479898833372,78.20351756458018
2018-04-15,11.547231268285728,28.69475918348666,74.93366145937871
2018-04-16,7.7238157073419185,40.79225639337351,69.34116658324287
2018-04-17,1.702756460511225,30.039753405851823,68.60095533968756
2018-04-18,4.691444075106624,30.92869534324844,71.41884402125879
2018-04-19,3.543679954244735,41.47884791840626,67.4023313528922
2018-04-20,7.209080297568403,42.21663698664154,70.47726488014658
2018-04-21,10.645662477149065,38.12766102610107,75.51152568457138
2018-04-22,12.699277752507497,37.94355707327208,77.7288785752205
2018-04-23,19.782341831834128,44.779948114111555,75.2952001941156
2018-04-24,29.56435585049001,44.210979650663326,73.11738108567855
2018-04-25,25.30696654028645,42.7890673308918,73.42798592484277
2018-04-26,21.581757559308897,45.06293923182502,72.35197414223353
2018-04-27,20.640630051737077,44.595308458003224,71.93702322888379
2018-04-28,14.381976964568132,43.67964714479947,72.26143327260338
2018-04-29,8.261261848425905,43.5438988320841,71.78157405358598
2018-04-30,7.35247986734757,46.45295511196548,70.43216215409528
2018-05-01,10.056753281205722,46.27220964654807,67.54052656561163
2018-05-02,10.60251524719316,48.06767391562144,68.4208054401381
2018-05-03,10.115266381393583,42.99700807783271,72.34291166681166
2018-05-04,10.475737134624271,37.94225748753582,78.83852949897275
2018-05-05,12.638539407373184,34.634747450176626,81.16788962733376
2018-05-06,12.224147566324987,38.17825251836284,78.81074063633797
2018-05-07,13.692573383887089,41.400747073726784,76.47409747976714
2018-05-08,20.13491458522712,43.26998924040679,76.86101731909939
2018-05-09,20.07820233756489,45.6560508746768,76.94925371095653
2018-05-10,18.77310892676458,46.232053186580075,76.7723881021405
2018-05-11,9.110430465978832,51.421778226345374,71.64524058199508
2018-05-12,5.555615718995119,51.02915947252369,70.65433859607056
2018-05-13,5.078744203923387,47.10484294871938,71.6976789501331
2018-05-14,8.68412672432646,46.42344081742027,72.41127429923307
2018-05-15,6.749772420846496,45.09041642967365,72.73314828769078
2018-05-16,4.794029297751107,42.735258059047474,73.52503781286225
2018-05-17,5.0859869479090385,42.84831964924709,74.05485848377533
2018-05-18,8.667503923828125,46.60997072652249,73.36725348676036
2018-05-19,16.16557418720655,49.680172788411824,72.60776855168673
2018-05-20,13.724175539977862,49.11900610476668,73.4587568072595
2018-05-21,10.550439762562176,50.74572541279294,71.87598665709038
2018-05-22,9.320020031161832,48.518742042842,72.3708855282482
2018-05-23,10.511773677468032,49.32934890466059,72.80278165128179
2018-05-24,10.740363244347735,52.11966196505536,71.64863362156466
2018-05-25,3.2993316267381996,46.25811226821889,72.75694534745747
2018-05-26,4.07910177604733,45.52774343889423,72.74635001191452
2018-05-27,9.90971022277848,45.62867794144266,74.39214456399291
2018-05-28,18.82856014387071,46.72877859025989,75.53113439789023
2018-05-29,24.26304344362375,50.18208030328742,75.34853773103397
2018-05-30,8.379404261291267,53.42836347784857,73.69551810527308
2018-05-31,8.779593100963831,47.416653069109465,75.37789212264363
2018-06-01,8.430798325155846,44.028416350944426,75.80424745120024
2018-06-02,9.108313063112425,40.66859545314945,78.83732080287484
2018-06-03,9.90348946423091,43.205841197489455,79.42053755015034
2018-06-04,17.865452322557882,45.9758712476911,78.56741649220143
2018-06-05,20.723255363981263,48.100247096971074,76.74739649569977
2018-06-06,17.53239892257024,47.13568340219077,76.29521629293401
2018-06-07,14.91985616088106,44.48149696161016,76.27426033308531
2018-06-08,13.236542212571738,40.32292176140341,79.64502931046228
2018-06-09,13.842548539017496,41.050732618186714,80.88237173516762
2018-06-10,10.3779331905629,40.45303140748067,80.18469160481436
2018-06-11,10.175123554895617,39.33939387568585,81.88406466144845
2018-06-12,10.622975489334108,41.62004318640621,81.9675272920478
2018-06-13,17.12889524983068,44.30134828575622,81.36427919618039
2018-06-14,26.23879967945267,43.221198339879265,81.19618699559994
2018-06-15,16.296295562939783,44.22155020117748,80.50743701299308
2018-06-16,10.37547454207219,46.19685321976352,75.92195092893778
2018-06-17,5.345911116482638,43.59745087160803,74.09484500530725
2018-06-18,6.83904197512026,43.74464077163124,76.01237764810276
2018-06-19,13.14027601889328,45.68481012511101,77.25709243065037
2018-06-20,25.87423097097825,47.255593628410985,78.88082615655902
2018-06-21,30.23543697145321,47.77449435151938,80.20507270432878
2018-06-22,30.438117813674065,49.27431984339812,80.0658894465734
2018-06-23,21.3967165060087,50.07041734884214,77.88673746413862
2018-06-24,12.876631790348616,46.32377693190701,78.14331127810043
2018-06-25,14.074013828181014,44.200420921743,79.86497849255407
2018-06-26,15.036720215061075,45.06234442531118,80.00468219037212
2018-06-27,18.950006844761237,45.09649507917884,80.8491943721568
2018-06-28,14.591919946649272,45.04459719735639,79.93891225662283
2018-06-29,11.57457833568772,44.39101374529261,79.33605121506109
2018-06-30,9.296333097046675,43.82085495381961,80.14014277180041
2018-07-01,11.244556528254725,44.36246189627169,80.74057999884116
2018-07-02,8.548647197868428,45.16758490244904,80.53255226093043
2018-07-03,10.299228217427864,44.84067095782845,80.55011157554964
2018-07-04,10.951421848577636,42.89472980426312,81.45332319930063
2018-07-05,36.13931655892626,41.14929042609556,83.81437784063591
2018-07-06,14.249909059515556,27.305565054253996,94.45336255527054
2018-07-07,13.004376388839257,28.78815786344264,95.57392353446473
2018-07-08,12.592760172610795,29.73721115120446,93.27203584628018
2018-07-09,9.621189255388016,34.996295013116175,90.970561391988
2018-07-10,9.002588438037703,40.63833563530325,88.57817933328741
2018-07-11,9.91618386591306,40.34896221383641,87.98405885081243
2018-07-12,9.80129588781719,42.70718287559916,87.20441558885213
2018-07-13,9.009468628859471,44.258973177089295,85.61149433812838
2018-07-14,8.955732665005872,44.29886558278445,85.65719145642005
2018-07-15,8.193217016400716,44.06649340800366,86.3192811239931
2018-07-16,13.117126232751824,45.815460669929195,85.37411886349562
2018-07-17,17.072753346379326,47.58222485187059,84.03127572934513
2018-07-18,16.60721935336872,48.30664970874509,83.90338096411135
2018-07-19,15.53962099951746,46.35685353250272,85.81285825241517
2018-07-20,9.189920532801183,44.535529378674,84.82956439732722
2018-07-21,5.138222054275474,45.00202901617137,83.76297167420815
2018-07-22,4.53283031439818,43.07863692531466,85.75128665181249
2018-07-23,7.985751175510399,39.01796716484002,88.95696839325586
2018-07-24,11.663497902397506,39.21782310889457,89.26112967976674
2018-07-25,19.037003335704945,44.30362926573757,85.0339251359906
2018-07-26,26.071254989950877,47.44185921073626,86.28650546429304
2018-07-27,28.705081605128065,46.31911434079585,86.56771696484196
2018-07-28,22.874122000858623,46.36173303281352,85.39838348558533
2018-07-29,17.881556378711398,43.718334355556046,87.13026300545135
2018-07-30,11.264961954857837,41.83960411351781,87.60174008954161
2018-07-31,11.04177302518436,39.494451154696385,87.93632928278996
2018-08-01,10.774689671274862,39.249791635208254,88.18946794843825
2018-08-02,11.574138861179875,41.42292926530419,86.51710959146965
2018-08-03,11.60493256251383,42.0187105629302,83.95329817750779
2018-08-04,12.756491129600496,42.72429933086235,84.61809550077582
2018-08-05,19.655281843323927,43.65723236533519,86.28076882180922
2018-08-06,18.30651619222611,40.52633935258154,88.13429977933193
2018-08-07,20.849832920186913,38.30380074691479,89.88723727127804
2018-08-08,13.702568663199324,37.12074004016469,90.34860403512336
2018-08-09,16.161229980581638,39.54776859319283,89.36310469800226
2018-08-10,12.026545359374738,35.249971747326406,89.45245113396747
2018-08-11,12.167139289347285,38.40741227501787,87.97643553203339
2018-08-12,12.122749619085198,45.27042545311438,86.7054864320353
2018-08-13,11.315466940850817,42.68133269574312,82.9214979716129
2018-08-14,9.955547886698078,43.9237879008764,83.97892895805826
2018-08-15,13.450429308236998,45.65729863843395,84.85626515754026
2018-08-16,17.126789010442735,47.122117066318566,85.92937059651575
2018-08-17,26.404408723496097,48.06088429958429,86.77037262645887
2018-08-18,27.95523149032616,47.740919602509855,85.74826009330316
2018-08-19,29.07663314326056,47.370588134474254,85.84180854750224
2018-08-20,27.443985780686727,47.913878721501554,85.32733619898923
2018-08-21,32.420971181682205,47.247699118456445,85.3776001600526
2018-08-22,27.35478110120518,45.40358442461564,85.36909275638679
2018-08-23,30.80160554693744,45.93191793044274,84.03967916025572
2018-08-24,43.23697114972835,46.07268203127059,82.7795404292135
2018-08-25,48.28104629120129,47.278159571101355,82.00820765681065
2018-08-26,36.52939263288891,46.94914040717783,82.31504733912482
2018-08-27,36.13764117054429,47.3304823179292,81.37645746549562
2018-08-28,22.78017943464776,47.3820675450067,81.06437546099832
2018-08-29,11.769341489167646,44.985945962648046,82.99450577938362
2018-08-30,14.147182970330393,41.37385824685556,82.77653204647311
2018-08-31,21.659361390133224,43.651412749432225,82.47469428668609
2018-09-01,22.11276198270059,46.68149629429475,81.67803503838489
2018-09-02,18.86897728150216,48.01879734830097,81.69435037884415
2018-09-03,18.322923295419784,48.21620735838614,81.94992202364641
2018-09-04,16.965225576975396,50.200047035388174,81.06599177741617
2018-09-05,15.249089930113302,50.98513907865893,79.99660386064019
2018-09-06,13.821273179866894,50.55337321120028,79.93698897922188
2018-09-07,24.89010009837547,49.024451970945215,81.404097934821
2018-09-08,32.45134210585697,48.0047884643328,83.15970647594366
2018-09-09,29.44010232509556,47.45031278801813,83.35514843893073
2018-09-10,20.147857830107395,47.40240492146993,82.98628985066019
2018-09-11,17.72713103776856,46.43978140157907,81.98263883640652
2018-09-12,17.512729480423193,46.40021321269992,81.68590312172856
2018-09-13,16.740131755244757,45.64473036186632,81.78299355025071
2018-09-14,8.95365906449122,36.668574502375,83.46173606333696
2018-09-15,6.198918767501149,38.62295156735406,82.38662057631389
2018-09-16,6.786524305387841,38.19772042792487,81.89559771468416
2018-09-17,6.1575692287338555,37.25542388720379,80.91065414272951
2018-09-18,8.436563209664092,39.647366209164346,79.60124033545982
2018-09-19,11.680700520637082,44.78053656301246,78.61216069006711
2018-09-20,16.308480948684235,46.73978275496893,79.45373856375804
2018-09-21,17.57543222266244,47.453142703438544,80.90057203755381
2018-09-22,15.178769069688745,46.853161472322235,80.95300596964067
2018-09-23,12.054355009793277,46.94369957808451,80.04588471107171
2018-09-24,20.433571040733476,47.61420023457482,78.64567284532195
2018-09-25,25.287151660156407,49.03601549370224,77.56377019249244
2018-09-26,23.920014000109443,49.55532538484047,79.02873872151271
2018-09-27,25.457309216332597,49.445186834862575,80.25895822909492
2018-09-28,32.48923302653447,50.52985889156991,79.81448101730368
2018-09-29,14.60423107889796,46.05901433765721,79.62299761449115
2018-09-30,15.302526534260082,45.71425722748401,79.28099827554952
2018-10-01,9.51057843275932,39.759805663870736,83.61416138820307
2018-10-02,5.613205475955823,43.249383284337675,82.00824057409928
2018-10-03,5.346433561660016,47.58150843422548,79.92413888049593
2018-10-04,3.9647074840839385,50.66052548974095,78.76099909688769
2018-10-05,6.660111897734687,49.56631038044846,78.28641967673036
2018-10-06,10.222042986181387,50.287933613470344,77.36600002475267
2018-10-07,9.413464828537842,48.193350145175685,77.65603242116585
2018-10-08,9.422579076870797,47.1316256880359,76.99077259028286
2018-10-09,8.851991862741158,45.98225754550807,77.32339756521998
2018-10-10,7.420329527837841,45.28336899076432,75.49501803185692
2018-10-11,4.496781822752917,40.151507195584905,75.82834219170275
2018-10-12,5.943045227528519,42.11841036670121,76.49748927862278
2018-10-13,7.613125090866243,56.53497000649745,74.21514490954975
2018-10-14,10.724866333046077,52.02637771370647,75.2923017159846
2018-10-15,8.491217387615677,30.050176606210385,77.16861746728821
2018-10-16,4.78209020462967,21.63732152796753,76.16655300874407
2018-10-17,6.853971847741933,29.215280876251523,76.48327932214211
2018-10-18,7.994954473508219,29.477601752314033,77.60123791644932
2018-10-19,5.9559526663088445,25.456886693900124,80.38779505804231
2018-10-20,6.210566240540575,25.049746781402824,80.93812549755242
2018-10-21,13.266366598903202,38.675620591634924,78.13561168775851
2018-10-22,27.907906111753192,47.77205224390345,76.79091531686363
2018-10-23,31.96366484503616,49.73808891586263,76.23034719277595
2018-10-24,21.48894491169481,48.35294383346436,77.14485611770634
2018-10-25,31.02645454935723,49.0716885809177,77.4778112384936
2018-10-26,28.49748140274268,45.47082679914648,77.74286359985783
2018-10-27,28.705938696254524,44.304983303675435,77.5376355354557
2018-10-28,46.36472527066896,47.88742003370792,76.2846228691759
2018-10-29,47.36050204349859,49.08249076983535,75.04427378326046
2018-10-30,33.33373539026169,48.25711409352534,75.1353560213576
2018-10-31,23.41257085401979,41.16647717301326,75.05194952067343
2018-11-01,10.941081358280016,31.42052321181849,76.02152476377965
2018-11-02,12.950523960144965,32.04732527746929,78.66539973312841
2018-11-03,16.99607349463828,33.785737732874445,78.65328488178086
2018-11-04,23.41902210734983,38.54167270112433,77.4110794205036
2018-11-05,30.050384101794577,47.09388280599902,75.63404690407022
2018-11-06,14.02524932418107,46.07853101884354,76.19209291210873
2018-11-07,19.192640608029834,49.43890580645856,73.82216947765409
2018-11-08,27.371508137727183,44.99326203068233,73.80293033319458
2018-11-09,11.212297041347044,18.93809869591629,74.69823919746311
2018-11-10,35.97353375205437,19.998039069823847,70.42623091469461
2018-11-11,77.8968191222481,29.111200821576695,70.18855741249891
2018-11-12,17.131616660879356,21.308864871536635,70.592214577872
2018-11-13,7.528851896422146,17.82423317064446,70.30607181672592
2018-11-14,7.768123631378089,17.12922198075135,73.80561615574382
2018-11-15,7.918734085632818,22.630108308014652,72.63854969299865
2018-11-16,15.566855715225064,32.99827327578614,72.0045272100481
2018-11-17,35.37725513412835,45.05313109107385,71.13055109376747
2018-11-18,52.88375437693881,43.9670358621862,71.79221811859409
2018-11-19,40.365696283420405,38.47725882476979,70.41245029493123
2018-11-20,38.385744306480326,39.53277224603915,70.09910483945416
2018-11-21,38.7898559467684,45.20817053672808,70.1910635893413
2018-11-22,12.719962629338662,53.67140019004682,70.64856640498996
2018-11-23,11.646042662734851,50.556232647447054,69.57800436588623
2018-11-24,17.106960342673727,50.527411900202054,70.38029595362806
2018-11-25,18.406748249584503,48.62070641557208,71.30123527693392
2018-11-26,6.983779374695859,33.40329194945202,72.07863784306132
2018-11-27,6.529375038614055,31.490057981386737,71.67955236800137
2018-11-28,13.899032242934478,45.87266727394412,70.19692958619989
2018-11-29,4.499194967907577,58.77281451472828,67.40209221077599
2018-11-30,5.582196799204268,49.907922612646345,67.53700377453171
2018-12-01,6.273358052510131,42.336792519788474,65.97546857324963
2018-12-02,3.8320732105869513,35.20937013912966,65.5723040371731
2018-12-03,9.364718073504452,34.54020277349169,66.52695641277613
2018-12-04,5.6643645166963426,28.063549291165025,67.61046000137382
2018-12-05,6.430018664875645,42.91679658527083,64.09186738311092
2018-12-06,5.3806680195422185,60.39133093876914,61.76044329316799
2018-12-07,5.335523307584254,47.692162487437976,67.02651442884924
2018-12-08,9.223954290808512,44.71717513015537,68.10643821311753
2018-12-09,13.99622458495482,44.62355169406086,68.49530587360132
2018-12-10,12.126366468405976,43.661111436123775,68.76984066177207
2018-12-11,25.46173968479407,46.54709742780802,68.30957696337643
2018-12-12,34.72630997323062,50.17056540964541,67.20881008660268
2018-12-13,20.65887534184387,38.52168485971689,69.13875627723876
2018-12-14,10.406686593434824,31.71591040931747,68.30900553231155
2018-12-15,13.097430156490756,35.99499563860717,68.26729309441308
2018-12-16,21.89683182709715,42.54711466314977,67.10088445578872
2018-12-17,15.26389143415834,51.390001341202456,68.95636753702243
2018-12-18,15.313750899185584,52.24936591209223,68.62042593613752
2018-12-19,20.281628795240636,46.16111544312787,68.82121378309711
2018-12-20,18.8574983616946,42.49918914837118,69.27502973418382
2018-12-21,20.03343473729216,45.3877651879009,69.59072061262619
2018-12-22,35.275875516399104,49.00768647037498,67.88568774379245
2018-12-23,47.26933365372638,49.97649468006974,67.49517604905219
2018-12-24,53.2207943128151,49.976519628832,67.10466435431194
2018-12-25,10.091726803775453,44.77879041019796,66.71415265957167
2018-12-26,6.568977133994483,37.07892420250716,66.32364096483141
2018-12-27,9.106190153689502,38.911059788843815,65.93312927009116
2018-12-28,2.5028293406801985,20.25559156275576,65.5426175753509
2018-12-29,9.393004505018393,25.065294026063224,65.15210588061063
2018-12-30,18.659088172332236,32.50189365739753,65.20651387404203
2018-12-31,13.088955371303117,38.5738337267042,65.20651387404203
2019-01-01,10.465412716977935,18.183600304348793,64.81929362749132
2019-01-02,8.84062455265529,22.628786407602497,64.81929362749132
2019-01-03,9.129869795983131,27.120985873341343,64.81929362749132
2019-01-04,18.049385273194932,33.194064798302314,64.81929362749132
2019-01-05,29.460302344834176,44.47496450343771,64.81929362749132
2019-01-06,10.564549290981274,51.724195980409554,64.81929362749132
2019-01-07,6.754209161227535,56.32587636725074,61.63750062794832
2019-01-08,12.474612784483217,48.00947773715566,61.70508875598569
2019-01-09,18.613760913614428,49.31750429544022,61.77267688402307
2019-01-10,18.37308057793151,52.090316272901156,61.84026501206044
2019-01-11,36.06139891872615,52.135970585751714,61.90785314009782
2019-01-12,12.077919185680942,55.94772152957264,61.97544126813519
2019-01-13,13.773594122033424,49.52663153598992,62.04302939617257
2019-01-14,9.62736458947147,55.49866960063866,62.11061752420994
2019-01-15,8.244659102846459,58.917171256241325,64.81929362749132
2019-01-16,5.2222779055226995,64.21692385157039,64.81929362749132
2019-01-17,4.571061762564238,66.46230527163804,64.81929362749132
2019-01-18,11.316911136212752,57.695768588925375,64.81929362749132
2019-01-19,10.927382648022505,46.56929457126524,64.81929362749132
2019-01-20,6.83656261607794,46.04440281222919,64.81929362749132
2019-01-21,2.001143657692787,39.81004364817099,64.81929362749132
2019-01-22,3.3864547697292333,27.816357775348266,64.81929362749132
2019-01-23,7.256494138314171,29.049161213616188,64.81929362749132
2019-01-24,9.921097705359305,32.9245643607899,64.81929362749132
2019-01-25,5.408493795159438,28.439084695611907,64.81929362749132
2019-01-26,7.256884073227682,26.08548405549691,64.81929362749132
2019-01-27,12.238734076111092,28.31901486591302,64.81929362749132
2019-01-28,29.76568932928083,37.5405621361151,64.81929362749132
2019-01-29,37.25900572748586,44.8867896569019,64.81929362749132
2019-01-30,26.57488932313078,51.61241033056941,64.81929362749132
2019-01-31,23.558514730972018,56.597643742277185,64.81929362749132
2019-02-01,11.838850499030976,53.20222822167579,65.55729525442474
2019-02-02,6.489212623308754,61.1902878511583,65.55729525442474
2019-02-03,5.207582766459385,60.09511237009845,65.55729525442474
2019-02-04,3.639063140446656,58.62882176723717,65.55729525442474
2019-02-05,1.7098046345232245,50.7390171894078,65.55729525442474
2019-02-06,1.4882229128497055,32.74702952495643,65.55729525442474
2019-02-07,6.511270849249755,32.75551669339769,65.55729525442474
2019-02-08,11.922753239684566,36.51387066329616,65.55729525442474
2019-02-09,11.86487185929665,48.150103697686355,65.55729525442474
2019-02-10,6.375294372255065,52.03635489646248,65.55729525442474
2019-02-11,3.806459859910395,34.886714387987,65.55729525442474
2019-02-12,7.939818140528907,32.965313621582425,65.55729525442474
2019-02-13,7.423794291652653,41.6768539812053,65.55729525442474
2019-02-14,4.950055032704688,63.75810185376299,65.55729525442474
2019-02-15,3.708187604019125,54.47045316131498,65.55729525442474
2019-02-16,1.7694400440433269,45.674625361909385,65.55729525442474
2019-02-17,2.1649757568953483,45.25534028842684,65.55729525442474
2019-02-18,2.330567970144474,33.21912063792083,65.55729525442474
2019-02-19,4.121626856322907,29.86069624076214,65.55729525442474
2019-02-20,9.335117171971808,42.79459766892129,65.55729525442474
2019-02-21,6.771309609963429,44.43320076206574,65.55729525442474
2019-02-22,6.605588284401909,33.20642032291916,65.55729525442474
2019-02-23,8.557032922587599,35.53787259107976,65.55729525442474
2019-02-24,12.149803434470147,36.29559681840739,65.55729525442474
2019-02-25,14.444778110541424,41.85501078956755,65.55729525442474
2019-02-26,22.03436937735172,48.213522156445045,65.55729525442474
2019-02-27,18.96651510295156,48.20737215727895,65.55729525442474
2019-02-28,19.841954677818883,55.90617147858882,65.55729525442474
2019-03-01,20.07992677392193,54.281526276120104,67.20556980945442
2019-03-02,8.158693971121664,62.74300938417681,67.20556980945442
2019-03-03,3.56707902381978,58.457569851792144,67.20556980945442
2019-03-04,3.74060694318284,51.47401365449742,67.20556980945442
2019-03-05,14.881336154783238,50.19613672672742,67.20556980945442
2019-03-06,7.657489425441224,61.42977073984726,67.20556980945442
2019-03-07,4.88633811557545,54.83584019255095,67.20556980945442
2019-03-08,2.1827471350101773,45.21994342343078,67.20556980945442
2019-03-09,3.988230846108747,45.27043004565116,67.20556980945442
2019-03-10,5.3055416084170295,44.15465871943489,67.20556980945442
2019-03-11,8.126075510068647,42.83531415516907,67.20556980945442
2019-03-12,6.892963487030388,41.39492042044007,67.20556980945442
2019-03-13,4.778355031917984,39.24392548100472,67.20556980945442
2019-03-14,3.534295196270856,27.10498496576228,67.20556980945442
2019-03-15,3.608637332745653,22.603620774279,67.20556980945442
2019-03-16,4.296575176272312,20.8721027793775,67.20556980945442
2019-03-17,6.057494957506158,25.579294409439377,67.20556980945442
2019-03-18,13.11380529585975,37.8889019851248,67.20556980945442
2019-03-19,24.51009034824508,48.14209527627126,67.20556980945442
2019-03-20,8.396407979386527,50.592463785622854,67.20556980945442
2019-03-21,4.05911910189017,50.736554595363,67.20556980945442
2019-03-22,6.140611079339253,48.01058974326071,67.20556980945442
2019-03-23,7.722801704754737,49.61817556027446,67.20556980945442
2019-03-24,12.030296127511276,47.946933294585435,67.20556980945442
2019-03-25,15.410374902512562,44.51898925411856,67.20556980945442
2019-03-26,14.198487814214138,42.3854034312401,67.20556980945442
2019-03-27,11.210235223112656,49.06547706468702,67.20556980945442
2019-03-28,3.757924177471225,48.96184904916888,67.20556980945442
2019-03-29,4.8976152447614085,41.69085020480782,67.20556980945442
2019-03-30,7.6133755725698755,34.03916001478978,67.20556980945442
2019-03-31,8.105459729994529,28.046695934760315,67.20556980945442
2019-04-01,8.74930782667454,28.210194785442216,70.69926690208575
2019-04-02,9.57498497951205,44.60513371853863,70.69926690208575
2019-04-03,2.8050948587974727,47.450768988522874,70.69926690208575
2019-04-04,4.259644785003899,47.83472917248972,70.69926690208575
2019-04-05,2.0849152120064662,46.14988473997178,70.69926690208575
2019-04-06,4.6082984152775115,47.645865022981674,70.69926690208575
2019-04-07,8.03937778068798,45.75822913419285,70.69926690208575
2019-04-08,10.009252212110823,39.20123714464376,70.69926690208575
2019-04-09,8.277593229692556,41.37497810615344,70.69926690208575
2019-04-10,1.666565170384317,23.30721635758752,70.69926690208575
2019-04-11,4.3468405617107955,29.710699033086197,70.69926690208575
2019-04-12,6.120663634981039,37.119213695688096,70.69926690208575
2019-04-13,6.450537207919514,37.31078181315757,70.69926690208575
2019-04-14,9.37441073198758,41.320072799796975,70.69926690208575
2019-04-15,13.39911288255925,44.646274953524355,70.69926690208575
2019-04-16,6.4947739015758374,46.66080219380671,70.69926690208575
2019-04-17,6.009981707530529,45.13931475655753,70.69926690208575
2019-04-18,8.83025873053936,41.30836550243795,70.69926690208575
2019-04-19,22.599277646484488,47.804913839172755,70.69926690208575
2019-04-20,18.21431999695439,49.331413691992985,70.69926690208575
2019-04-21,8.225077466792191,46.06852903911883,70.69926690208575
2019-04-22,10.585034132099644,45.59266091063203,70.69926690208575
2019-04-23,13.888144245948416,46.85479698739564,70.69926690208575
2019-04-24,17.236415265774568,47.695648086363526,70.69926690208575
2019-04-25,23.001727484087528,47.22347721884383,70.69926690208575
2019-04-26,26.793054120407085,48.828227178300374,70.69926690208575
2019-04-27,25.23960307587205,50.41831315519035,70.69926690208575
2019-04-28,19.061297768634336,49.88443045584607,70.69926690208575
2019-04-29,7.1059192972316705,51.53217218050201,70.69926690208575
2019-04-30,5.40053176251469,49.575568299403336,70.69926690208575
2019-05-01,6.700353019316918,45.081985018184575,73.08817302176354
2019-05-02,13.4820210772367,49.20348228021003,73.08817302176354
2019-05-03,22.241364200818012,48.025976037810295,73.08817302176354
2019-05-04,24.640871238675917,47.16052801079306,73.08817302176354
2019-05-05,17.29176637987076,46.515073297961955,73.08817302176354
2019-05-06,6.13128300948232,47.979469834731965,73.08817302176354
2019-05-07,4.582116391170551,48.94219388457381,73.08817302176354
2019-05-08,6.968224622122603,49.19390819350454,73.08817302176354
2019-05-09,9.582046763713835,50.69087956781792,73.08817302176354
2019-05-10,6.848123873041558,51.11430309216659,73.08817302176354
2019-05-11,8.465749565253072,48.94781108968815,73.08817302176354
2019-05-12,11.565986397793663,49.88594830604976,73.08817302176354
2019-05-13,17.366057435323658,51.780711295751566,73.08817302176354
2019-05-14,25.312129300643537,50.26701298336299,73.08817302176354
2019-05-15,19.3422621906805,51.64582906420107,73.08817302176354
2019-05-16,4.868869981201115,51.68289209905144,73.08817302176354
2019-05-17,5.100909339090466,43.41567377454737,73.08817302176354
2019-05-18,6.718792367743055,44.500590739410306,73.08817302176354
2019-05-19,5.561992549556182,51.778596770411305,73.08817302176354
2019-05-20,2.8524594767956155,45.35187336695785,73.08817302176354
2019-05-21,4.440557472081388,47.21771658334156,73.08817302176354
2019-05-22,3.2488765350748308,44.89711352066692,73.08817302176354
2019-05-23,6.492755641146533,50.804587540813266,73.08817302176354
2019-05-24,6.164716236328461,46.940747651254256,73.08817302176354
2019-05-25,8.789572321331539,47.83407946018037,73.08817302176354
2019-05-26,5.745664146459437,52.20354735388888,73.08817302176354
2019-05-27,4.065226812973863,46.15032694188762,73.08817302176354
2019-05-28,5.872972347784602,44.6944272184523,73.08817302176354
2019-05-29,10.415453359671789,45.821481585921546,73.08817302176354
2019-05-30,22.51222837427059,48.088911872325696,73.08817302176354
2019-05-31,26.806819424963095,49.39576748802849,73.08817302176354
2019-06-01,17.7432967049993,50.59848476409095,71.43777919336769
2019-06-02,11.48076117398882,49.56682211023571,71.60067061312373
2019-06-03,14.098831302007586,48.356609003466446,72.79573083023448
2019-06-04,23.896040118745628,49.50774307870145,74.03135716227739
2019-06-05,25.93870718374072,50.22486604183579,75.57535998565159
2019-06-06,21.76102181354456,50.54994946321858,75.86074747026267
2019-06-07,15.228440353423084,50.05970691378676,75.00991601793498
2019-06-08,16.421883756944073,46.42783570409426,76.63436107084615
2019-06-09,17.958712722517824,45.063863389676534,78.90328813607863
2019-06-10,12.885901171685992,41.98479649497143,82.06078661868467
2019-06-11,10.911693087554475,42.33253193958246,82.94503804954536
2019-06-12,14.4177939557463,46.883109162173945,80.4125338137101
2019-06-13,24.038930640725667,48.875175600715586,76.0214248003956
2019-06-14,18.72305908519511,48.85183844707036,75.70401553584244
2019-06-15,19.757778522082397,48.619426902045895,75.38660627128928
2019-06-16,19.532470550298783,49.94691230788863,75.01844849028399
2019-06-17,11.272960873876132,50.168850803396666,74.72485932513585
2019-06-18,16.07139321272916,49.74012746853643,75.25106079438281
2019-06-19,18.23216815238242,47.72897796428329,77.16780994460944
2019-06-20,14.252302299105256,49.37868949727282,75.23910088869043
2019-06-21,4.514074715676663,51.68184354488011,73.787543152859
2019-06-22,6.401533118149751,48.9395869678004,75.4798454153146
2019-06-23,12.46731446007743,48.738855131101126,75.92121096020315
2019-06-24,17.314853193452592,51.29732674755098,75.38545252474167
2019-06-25,16.31851180514611,50.59995997159543,74.38601413883488
2019-06-26,12.07729595567128,49.773951014224245,75.18319177950679
2019-06-27,16.07817783412958,47.947838212303076,76.3715829335048
2019-06-28,17.67964762253073,46.31314760096084,77.52249326197865
2019-06-29,10.955942963201585,42.82956789474562,78.67340359045251
2019-06-30,9.064254603558084,40.05601133131058,80.48402537233703
2019-07-01,9.470539117491588,40.95651192432726,80.01815087185693
2019-07-02,11.434825327112652,43.208163277526786,79.35513443099802
2019-07-03,13.148846178840344,45.08503498021972,78.51567528024256
2019-07-04,14.4208576035212,45.6001646798716,77.86224370291835
2019-07-05,42.51712995663856,46.861129143493415,77.3455225821515
2019-07-06,22.290237599628476,48.3729943980551,77.36511685038487
2019-07-07,19.732470419501738,48.55428672095547,76.80428103139427
2019-07-08,15.28565128567134,46.61943849911504,76.24344521240367
2019-07-09,17.63747154821157,45.0346614333915,78.26749939337485
2019-07-10,19.66484668671697,45.98265537271307,79.53346618379874
2019-07-11,16.34733150508152,45.03574195978597,80.79943297422264
2019-07-12,19.102166767161513,45.0516033111985,82.18722924119848
2019-07-13,19.425943842679285,45.83886582730941,81.30930191494224
2019-07-14,27.65931875461119,46.34552040044982,81.35027758838385
2019-07-15,27.045496984191487,45.717624222636026,81.24103401350477
2019-07-16,19.05209756534175,44.90742207642041,81.62367514217634
2019-07-17,15.336575286536926,46.48613189072757,80.42826138319772
2019-07-18,14.945576499623876,46.22702747187081,80.01735567608675
2019-07-19,9.98839325385314,45.5453200763804,78.12887825995152
2019-07-20,12.831176796786004,45.59148442118042,79.4716258894529
2019-07-21,9.105166809977332,45.4653370092165,79.8407177760669
2019-07-22,14.214031510478945,45.86601337141882,80.7408172688787
2019-07-23,12.988622791174596,41.543126534696555,84.95964260766219
2019-07-24,9.954724813237418,38.34502701142696,87.003614922538
2019-07-25,10.007999381681731,39.65157814053011,85.90551641261216
2019-07-26,11.15622622923381,38.27079258327076,85.70130724215551
2019-07-27,10.60395953434262,38.40465558606192,85.0901898695784
2019-07-28,12.670909360001914,42.74124318277262,83.09318820604283
2019-07-29,22.592334756947132,46.36277982682703,81.44062327474964
2019-07-30,19.42302818726796,45.99772845315723,81.47170270256154
2019-07-31,21.82498746049423,47.437231519565024,81.01679700006878
2019-08-01,12.13545449368063,44.314566980694465,81.03961691500822
2019-08-02,8.595717674102609,41.99934311994439,81.92475796225601
2019-08-03,12.339806270398336,42.45745142878524,82.59150638527414
2019-08-04,13.917017116230646,43.875762464111745,82.27356825713548
2019-08-05,15.392354152574992,43.28759856593094,81.9556301289968
2019-08-06,13.150502209714132,43.845321120892166,82.06777333994786
2019-08-07,16.766727627003522,46.1219345170156,80.69106841905901
2019-08-08,20.528759544433655,46.57940110396107,79.3602225745097
2019-08-09,18.237053552839136,44.25096373871239,80.5419290380245
2019-08-10,10.899834319625494,44.26346340306189,79.38026254365195
2019-08-11,8.207260359234315,47.37364813373497,79.82259740844886
2019-08-12,15.074627285935504,47.361142047919586,79.82770981172855
2019-08-13,22.96033052796764,45.31385509999716,80.84404337411085
2019-08-14,18.77667441391837,43.2957569223858,81.29949897758082
2019-08-15,21.643143979575996,43.11911856909528,80.61366090270855
2019-08-16,21.789717980625763,44.27222554196815,79.91618779860529
2019-08-17,13.75407922809046,45.24330757050053,78.80925617814086
2019-08-18,10.661242486663332,46.30506761618587,78.74216890084475
2019-08-19,15.326200534360217,46.58822442342931,79.31386957932577
2019-08-20,10.571107032180832,44.02753949700469,80.65982080896684
2019-08-21,8.760527642010452,40.14078119086007,82.5844919296187
2019-08-22,14.231468252940228,44.35521578512538,81.12040822174792
2019-08-23,15.25144647961098,44.91335072941757,80.41662060318365
2019-08-24,13.673430184194013,44.23620661552532,82.98036871132334
2019-08-25,13.278685996237408,43.14952848514622,83.54849345413113
2019-08-26,10.066204281664444,39.22611185656757,84.94718329707008
2019-08-27,10.48552854722434,42.72333829021731,85.23244501901789
2019-08-28,15.599241567326557,47.02831573661343,82.70533653346017
2019-08-29,12.893462567613447,45.934745340187874,83.48001478433957
2019-08-30,9.882492299569806,41.95301526265339,85.0965565903967
2019-08-31,11.61982136450716,43.8819857745104,85.384574247161
2019-09-01,16.379280939643834,45.783922014697325,85.06047370223142
2019-09-02,16.190741413261783,43.944132010734066,87.408074687533
2019-09-03,13.196144241149268,42.1420548676338,87.72577837548607
2019-09-04,9.077134117297373,38.46460431883147,86.72926218497918
2019-09-05,8.444934156825154,38.55855670877055,86.93106769227641
2019-09-06,7.956224660911144,39.99904002225529,85.74639768784931
2019-09-07,6.934972621292445,39.592929222112666,84.38073554414014
2019-09-08,4.258592468476002,42.72261261051792,79.30677153287093
2019-09-09,6.798592269516255,45.39970893614491,79.01614946079104
2019-09-10,8.691241069865505,48.3408965017362,78.28060067825383
2019-09-11,10.53889227719272,46.97973822614959,78.76570387168069
2019-09-12,10.509392897465965,45.006785640464734,80.91499574049837
2019-09-13,8.559170887656316,40.55883579872383,83.84192151277408
2019-09-14,10.079964817913089,37.98696059768635,85.32380220580728
2019-09-15,16.880536139292758,43.72157794532499,81.9805851279694
2019-09-16,19.738770592291445,46.095555171664266,80.16453860488184
2019-09-17,12.026488027902063,46.39957633162139,79.0971464574099
2019-09-18,7.529108443097139,46.07305613101714,78.637761697145
2019-09-19,7.075925168594947,48.105800777387934,77.83553872405986
2019-09-20,6.960958590547297,46.43903931682855,77.61032680255391
2019-09-21,8.232427830088813,44.05963917571673,79.52902125644594
2019-09-22,7.996366641319063,39.00836215246138,79.96984517904716
2019-09-23,11.23984836688638,46.964234639865786,77.51659467753709
2019-09-24,15.36691140184003,45.55903163250011,77.86698128088288
2019-09-25,13.176601086780284,45.94962567175003,78.9507707449142
2019-09-26,9.636244195087585,51.35802759089835,76.57004205061534
2019-09-27,7.35439963423259,52.13977578713459,74.78563561457388
2019-09-28,4.948701897318723,53.54295806717798,72.8829080087277
2019-09-29,4.1847936323193915,43.63684991233656,71.58408628875628
2019-09-30,4.579784569450609,40.46795038946519,69.72568667405581
2019-10-01,4.636059062290771,40.19441742654787,70.30021341052912
2019-10-02,6.1560848974821605,38.557822472526006,72.23852176900961
2019-10-03,7.565208645929205,39.44550937815404,72.42212237464885
2019-10-04,9.21851786962358,42.45484821299346,72.12160859002117
2019-10-05,12.008204014160349,39.78414930032631,73.80918712289996
2019-10-06,13.400990043832726,36.84742403792396,75.10942675227454
2019-10-07,11.722643461417434,36.77453509546,75.93388786005944
2019-10-08,12.430138347917966,41.9045825616421,74.51912429251318
2019-10-09,24.675015519926315,47.506861215831705,72.9571926802406
2019-10-10,16.00698302285573,40.32232998389988,74.45512492903642
2019-10-11,14.463927928952646,19.586391063916317,75.7643580838506
2019-10-12,26.47824260646891,24.36461973962879,74.1358725315802
2019-10-13,20.72515664938984,37.96130238120959,71.47551209774598
2019-10-14,16.15589494453938,46.27725194395013,71.5708603724788
2019-10-15,20.548699085063053,43.35452835546193,73.47425057310053
2019-10-16,13.372012505128628,35.54796640399896,73.71541686370826
2019-10-17,16.422457759881926,45.46100982548832,73.95658315431598
2019-10-18,8.685179023025846,42.04604442423838,72.75302895926605
2019-10-19,6.871619211904108,38.53239964744269,72.56173262209195
2019-10-20,8.35015958347719,37.37785436852387,76.3671967484644
2019-10-21,4.95090244773946,24.490005024655567,80.23385138804663
2019-10-22,5.964514267178872,23.78271574385167,80.62017434531978
2019-10-23,7.946126647920163,26.59608074043379,79.3378322097052
2019-10-24,9.250919160508264,23.533628903643248,81.41797472125212
2019-10-25,5.09965824892456,14.510621207383767,81.33359329062577
2019-10-26,6.708913521056191,22.940642762142645,78.31854872275179
2019-10-27,13.346910584459229,44.51377309371813,72.29141386702477
2019-10-28,13.685217851910448,31.46111804133291,70.3862039244447
2019-10-29,11.870929866021765,33.913490055766424,68.03924249657261
2019-10-30,7.929170869207033,27.01213062345291,68.46482681967613
2019-10-31,12.462905869124423,12.69641021956062,68.03419719451418
2019-11-01,7.068680464957972,16.548944826084934,69.77594998878489
2019-11-02,20.244645965658343,23.430675365597143,70.08726033581839
2019-11-03,25.162719015507,27.997723062034208,70.23683696826637
2019-11-04,23.778751070338664,32.12134076278455,70.41701505442897
2019-11-05,22.652014085183183,36.430802643998334,71.18574221684787
2019-11-06,27.836684944923448,45.1385086948928,69.48841376407901
2019-11-07,50.12061199164521,47.127952546177696,71.22106684325449
2019-11-08,23.842870578576463,36.89513681746173,73.81890425642214
2019-11-09,9.855216064555853,25.472078850322696,75.91801488438487
2019-11-10,22.60773871605939,41.134368030346046,71.60213570939969
2019-11-11,38.73666779270321,47.306061604619416,71.56404472736561
2019-11-12,36.80640567987046,47.72211430621679,71.2117373723388
2019-11-13,37.356534046144255,49.2847748077528,69.86870403718864
2019-11-14,32.97689181009412,50.414353649847456,68.95242555978355
2019-11-15,22.539886194881618,51.23717197537013,68.60714133126343
2019-11-16,24.127526645808057,45.21019135604423,70.83384688457696
2019-11-17,11.790397000672826,29.29181632653225,75.68247163687057
2019-11-18,4.413965472395584,20.802213679708473,77.00974619655815
2019-11-19,11.498875614269942,34.77068059208819,72.8113438636344
2019-11-20,5.309242931193242,50.39749131479014,64.81778046158128
2019-11-21,5.811413265369044,47.53801296624952,65.2381635947262
2019-11-22,10.544078420615078,45.9944508249081,66.83432482139335
2019-11-23,9.013962541455854,36.791058932398336,68.47689037144329
2019-11-24,10.013472242463866,31.60388457299184,68.39610900870058
2019-11-25,15.624378929764127,39.502319450953024,66.13716923778428
2019-11-26,8.47516547397239,30.63665329035413,65.43560805438244
2019-11-27,6.820159289669644,45.58520831871275,61.443225744403726
2019-11-28,4.91418925841727,56.97107110469915,56.927532064223755
2019-11-29,6.076780526419763,49.67169264980282,57.26369653690848
2019-11-30,8.222952039843632,47.85676039052799,58.834595475387616
2019-12-01,7.810382191444152,42.16537148464675,62.19972397500352
2019-12-02,11.686350662327104,39.86877123191093,64.55497208913616
2019-12-03,16.32698499818947,44.612139664177704,65.54280499413414
2019-12-04,12.979375356805916,58.14041027233597,65.01088559179307
2019-12-05,10.292186291555954,54.434803847583176,65.79430343701044
2019-12-06,11.676297050582924,52.307398818933365,65.78525156962972
2019-12-07,10.244637948314104,57.90798157073202,67.75216374446772
2019-12-08,10.829588943068876,59.15242849988223,67.18379322500516
2019-12-09,9.470165121529035,51.91696062643733,65.11167306136585
2019-12-10,11.74059303727068,49.378436998791514,64.12952580928419
2019-12-11,15.068053860531908,47.79556340998266,64.16278765180328
2019-12-12,23.4771996100529,47.50120345256746,65.68895528398059
2019-12-13,36.55746812464305,51.9967992597675,67.21512291615791
2019-12-14,36.82477492737923,55.09135640686901,67.11014511396736
2019-12-15,5.148365058820242,36.63017515452019,64.92414391146826
2019-12-16,4.021931764723594,27.72744507180396,62.73814270896917
2019-12-17,4.331804466715306,21.40900793187067,62.1856378030556
2019-12-18,4.975359179510516,25.166922600518003,60.511262552171935
2019-12-19,12.91336856863236,32.57057231875443,61.3544854190165
2019-12-20,8.314525606783116,27.449334542363623,65.34153301170683
2019-12-21,8.02614128890766,27.07198861547035,66.22476606455913
2019-12-22,10.919159178314208,34.319652130963334,65.1358770950438
2019-12-23,4.486573696550977,55.967644589866765,60.48651558217911
2019-12-24,9.92598459120989,51.38004918375685,60.33813460692607
2019-12-25,10.46080898439652,49.340229444964045,60.063942624098765
2019-12-26,2.8386681879373667,53.47987874134708,57.01918976475727
2019-12-27,7.51675206640995,43.02108743142402,59.394765164535976
2019-12-28,12.03139414946508,45.12701764224243,59.50627321800859
2019-12-29,20.75452098463845,48.44104196345102,59.87128614597
2019-12-30,14.32579418341164,40.401133134057496,61.91536152808561
2019-12-31,7.6328015263840205,31.25701396720302,66.00985122227122
2020-01-01,20.14130406639288,36.62141571071203,64.10304156316768
2020-01-02,21.78932095497248,48.08621407290175,64.12045901129893
2020-01-03,16.431207454111274,40.93030335267915,65.6107957877029
2020-01-04,23.194447519492744,43.62495697675224,64.29215296809457
2020-01-05,21.129309701310316,42.94932128729235,63.75766402413201
2020-01-06,10.668919282368018,29.4733713404463,66.73723988986188
2020-01-07,3.023057022816145,25.26213932909887,65.05729191056287
2020-01-08,13.42035832747276,45.21741122144742,63.37734393126386
2020-01-09,9.25101584967028,44.80890585056322,62.192587178987495
2020-01-10,11.492388439348908,42.7796297652508,61.94783909309415
2020-01-11,18.67832673533903,46.80402411589661,61.24589200163096
2020-01-12,21.941356296190207,47.31116091199243,61.84792789333835
2020-01-13,26.101472226837046,48.0259202699827,61.9427595948308
2020-01-14,28.90775466806213,49.16691531258687,61.393165308624965
2020-01-15,42.33484365678919,48.21058005178053,61.59469793198242
2020-01-16,42.696939312678424,49.24375062782181,61.081719786588586
2020-01-17,6.30936325272015,51.025679783561415,61.68994741640794
2020-01-18,6.728637460911646,37.59321092462275,63.18248815300704
2020-01-19,5.963982261004744,29.85991042000941,66.1619324696975
2020-01-20,18.170864437655386,45.11477329261793,65.48837897610898
2020-01-21,9.257210845246355,51.7587466491688,65.04656423424284
2020-01-22,15.900838486100511,50.719238485063315,63.88774729376267
2020-01-23,14.449404302621424,46.40540091185691,66.23758589225433
2020-01-24,12.985645192368755,43.50303473529995,67.23764696184963
2020-01-25,36.756793135941784,48.82071586451686,66.18615293417535
2020-01-26,48.72516236300276,52.62671223199526,64.97146551659486
2020-01-27,32.016255872010305,46.49560081239717,65.90318007250073
2020-01-28,5.7586122422098045,32.91769969092305,68.33294118376689
2020-01-29,4.638074713469918,27.804763861047057,68.19200026917513
2020-01-30,4.116444479744887,25.548687625938744,67.57820624494228
2020-01-31,6.860375912271896,29.923421807415323,69.3924100606804
2020-02-01,5.579126067391357,28.22607767952323,71.75164841304557
2020-02-02,12.72823973786124,39.80629356066291,67.91584301512282
2020-02-03,2.4866702423808076,22.099005807019218,61.46036485303048
2020-02-04,2.29120970271563,16.270998306574697,59.10464900349642
2020-02-05,4.052204698752624,23.268953940176168,59.73136121674936
2020-02-06,9.717465048109636,35.06998078498524,61.87147546827395
2020-02-07,19.460424580302643,42.04700313728664,63.54667317678202
2020-02-08,28.04620528010731,46.439482643702874,64.32340318801637
2020-02-09,18.125417703625775,50.57724016750616,62.69993076530251
2020-02-10,3.0434201013268107,29.375902533469212,67.19763902559356
2020-02-11,4.09675401285704,27.394264145231837,67.4663958985462
2020-02-12,6.277840250479399,38.32393780037895,63.98211850023359
2020-02-13,13.75074983017442,43.02770377754504,64.4109777901997
2020-02-14,14.580999065783065,43.482787750947615,64.32169564504734
2020-02-15,19.631495000203767,44.19941181913919,64.4929905736034
2020-02-16,24.50934556407339,45.996289784524734,65.36258899975107
2020-02-17,25.762693938446848,46.93357976905504,64.53950350377131
2020-02-18,28.917844238373792,49.14925459996821,65.51327971153525
2020-02-19,32.53070753637388,48.08449299288267,66.85074535110998
2020-02-20,24.42573992035512,42.3626209303941,67.52571977132162
2020-02-21,17.054292086872106,36.60129617984357,68.9028314317984
2020-02-22,7.739114509084464,48.86768314494568,65.2129871349304
2020-02-23,10.91452045789625,48.77869280777451,64.59344900969607
2020-02-24,16.965672593895434,48.486925426744634,64.82965700341514
2020-02-25,13.104326121452402,36.17155074893859,69.10749327422371
2020-02-26,5.363542763413053,22.397138299239327,69.56836230547776
2020-02-27,4.669568510726429,21.880438354202205,71.50371116603662
2020-02-28,4.158259775120388,20.929353202388512,74.20976352249174
2020-02-29,8.55130216241446,40.25859513453773,68.22618478761093
2020-03-01,9.968285446938044,45.69821865718559,63.324831998467275
2020-03-02,3.800873986324289,34.33003753315781,64.91775331956215
2020-03-03,2.9221794067813547,20.914334027706936,70.35570138493891
2020-03-04,10.028064182644352,44.22451726562849,67.2906731867079
2020-03-05,16.200961071097183,46.53823617438112,68.2682459545812
2020-03-06,18.713092463747618,48.722424475944344,67.0660952036737
2020-03-07,6.383087416230895,46.90188668156879,64.86141183504711
2020-03-08,2.7024184554680684,45.370912307902145,64.06325501260869
2020-03-09,4.070637178188599,39.85588934551088,64.8776695734203
2020-03-10,4.38723137254443,57.867519544914465,65.79211392064504
2020-03-11,5.328620153865866,52.689053942152675,69.08383203360377
2020-03-12,6.349798598380371,57.79058616623459,63.12690513730645
2020-03-13,7.920287348700886,60.57942062662788,62.68752100992151
2020-03-14,6.978028892687303,58.911395752774986,64.09331757862536
2020-03-15,4.852869126887156,50.64132313847772,65.08911149973179
2020-03-16,5.232181058142488,51.39530508631608,62.58536574787995
2020-03-17,2.6762329693940052,49.16509833340105,60.51907457232618
2020-03-18,4.60774364254466,42.70072085339594,61.15575727083477
2020-03-19,3.3727874483885993,48.17720801796465,62.215395354863446
2020-03-20,3.5416974696271413,49.20505998386663,64.27433497127889
2020-03-21,3.6963286136423257,46.805218566779544,66.70391649399822
2020-03-22,5.017236062632267,49.014181926784175,65.76207683542303
2020-03-23,2.016965958836381,52.80176887977535,66.15122129711295
2020-03-24,3.7627063341223232,50.070887697274934,65.02575985460142
2020-03-25,2.2978459999850274,44.62591259593915,65.24626770038789
2020-03-26,2.2015533493367143,38.39721931706853,62.30731481072202
2020-03-27,3.342083285333659,36.13145448976044,63.12500595502743
2020-03-28,6.779061719958908,41.940941016311434,65.15664654107468
2020-03-29,11.448482173405155,46.20784204645656,65.36403271928683
2020-03-30,8.764383604692101,45.50512247546007,67.46046340383141
2020-03-31,8.814138751455364,42.91036178713204,70.01452972477097
2020-04-01,12.676169050510344,46.56902936108256,70.84380121180989
2020-04-02,9.204422476468965,46.74820316730975,69.79587301380104
2020-04-03,7.83531827170337,44.88409606072726,68.38712840502255
2020-04-04,7.999593001772272,47.31590959655543,67.29755972981951
2020-04-05,4.275721618679691,49.94833037276902,66.38832651469625
2020-04-06,1.864022957005346,56.89007207999408,64.26655331399257
2020-04-07,4.407416067479686,53.01799854027098,64.19799122445347
2020-04-08,3.532104617035564,52.10278183766697,62.62619856590959
2020-04-09,2.715111039356985,57.798643811949994,60.36972379168514
2020-04-10,2.1510069651721526,54.314206006805215,62.28652755959544
2020-04-11,7.857788598602073,50.00873554268756,66.67183987452111
2020-04-12,7.8450762966366785,54.9335581500665,66.08667110668989
2020-04-13,7.1311747840159,53.60441675663952,66.92447567764212
2020-04-14,9.544519429861602,47.701535328487815,69.03123171630892
2020-04-15,7.388189230064147,33.53080552571784,72.98169595145308
2020-04-16,10.755464453735842,43.395410308802006,70.78599577490577
2020-04-17,7.375755434275846,47.90213115340416,68.25672423427818
2020-04-18,5.559222523142672,48.51701823669946,68.02779625959481
2020-04-19,5.53809356745652,47.05226234579393,68.33670637062956
2020-04-20,8.082397216723994,48.81557384960741,68.46382989846167
2020-04-21,7.737343478853744,47.020436263395545,70.08206125918994
2020-04-22,8.685015599584931,42.04997355944853,74.00825973958794
2020-04-23,8.281141620339538,37.1514041130658,79.24829951373637
2020-04-24,8.074511026457511,36.94265771000656,81.39886766065383
2020-04-25,9.100925482764854,37.72238288149304,81.38507362941301
2020-04-26,13.029803380739752,42.56611984676643,78.19962621068713
2020-04-27,16.899161336418878,46.14273196860969,76.54382460588937
2020-04-28,16.590208564801788,46.74381936867821,75.71132674041746
2020-04-29,22.688047216253093,51.32291134409323,74.87882887494554
2020-04-30,24.228430380259667,50.52586875485688,74.85302311188582
2020-05-01,17.269901035016915,46.237073514716606,75.51656267836987
2020-05-02,9.755705344147266,44.49149282347733,74.99403985466027
2020-05-03,6.245685810455463,45.48052671235617,74.22369255703269
2020-05-04,7.128915473317471,43.12294380601976,76.91699801900498
2020-05-05,7.689277829404822,36.49278726968659,79.61030348097728
2020-05-06,8.488779502631468,32.59496243125811,81.40890749704805
2020-05-07,10.038990635349776,33.04053447763907,81.98187462002142
2020-05-08,15.875171349835002,41.6170132052418,78.91551490819266
2020-05-09,21.149650332057337,46.724499222202574,76.81878597722805
2020-05-10,20.691046678502772,49.34725135311,74.33209819842946
2020-05-11,12.723452631777356,46.37875063740847,72.74308832462725
2020-05-12,6.494360700869497,47.23693325604965,71.15407845082504
2020-05-13,3.304137411389388,43.18628685460302,71.78074292305918
2020-05-14,4.715329717452168,43.528603447211346,73.43519736090914
2020-05-15,6.857697025553718,43.58413354543072,75.56212178938303
2020-05-16,7.263907808138983,42.06994917644329,76.87955699240437
2020-05-17,7.8028613701250364,45.20956746162576,75.9398548213579
2020-05-18,3.615102270502719,53.141782544540646,72.65140009128417
2020-05-19,2.9024585923485424,43.55184551323087,70.67969446335769
2020-05-20,3.5872243060437636,43.496056939751995,72.15604354794074
2020-05-21,5.180386681223717,39.90901015183663,75.2564793905529
2020-05-22,8.481989095543854,44.160596175765534,75.04915769244805
2020-05-23,9.435676099182738,44.162363662469566,74.86408339832141
2020-05-24,13.130594949704712,45.992062523532795,74.67900910419479
2020-05-25,12.703381970498029,44.752745418516355,76.7466730028322
2020-05-26,14.688824365036549,45.03969550154907,77.92736682822628
2020-05-27,17.171236560627335,47.133258332211746,77.00230058147412
2020-05-28,18.06312768482311,48.89173199552577,76.07723433472195
2020-05-29,11.871857972665584,51.582839264665424,73.99736367109998
2020-05-30,5.091874989618319,47.46647518362607,74.16432744465217
2020-05-31,6.706788056103122,47.46142787386126,74.46614157721444
2020-06-01,8.616678334749404,42.72743487923825,77.36658546651528
2020-06-02,8.040998580554364,41.360784334944135,78.54384687504138
2020-06-03,9.448584227009375,39.87115610173644,81.60317030065033
2020-06-04,14.014001953200887,47.53786430895802,77.75730879195075
2020-06-05,7.765822575630744,48.74230657502466,74.12706876026209
2020-06-06,5.726720440972984,48.24633900466068,73.8552126160331
2020-06-07,6.189038353757975,42.98945271234748,74.29246072769006
2020-06-08,2.019828155449148,20.005925250592007,79.08355206893312
2020-06-09,1.9843300389318992,15.547399733962182,84.24097141872687
2020-06-10,4.448181363894311,18.486528487819985,85.58120214012985
2020-06-11,7.1315640151168225,31.11281735251053,82.4125663578831
2020-06-12,14.439626429337933,43.07649586528154,77.00715532690162
2020-06-13,9.629122826177422,43.36731998756736,75.50614883420698
2020-06-14,5.5276736295161815,41.73459940789935,76.16065371543809
2020-06-15,6.400313271262714,44.225554683484475,77.02458398205705
2020-06-16,10.74917486945306,47.539780945117315,75.79582841660655
2020-06-17,10.261850948872803,45.873878967505746,76.55062218340935
2020-06-18,10.64882329143726,48.17765115377518,74.77353850523998
2020-06-19,12.353147021603512,47.39777289829263,75.64326487643208
2020-06-20,11.656795450469987,49.621612889432434,74.47171405055815
2020-06-21,13.86713205960782,47.843372534858425,76.38246835892552
2020-06-22,19.515986297168823,48.77579197548173,77.42896714150932
2020-06-23,19.44188362748993,49.91957974052899,77.1807964031961
2020-06-24,18.350149712896652,49.358360434657016,77.01540579091925
2020-06-25,17.871961371777616,48.71259606047811,76.66972070138573
2020-06-26,13.810147385233403,48.32299359003863,76.89740377571574
2020-06-27,15.947679993303034,48.37424391102166,77.14066843055932
2020-06-28,7.342142992167842,51.421033322641065,74.75149177446902
2020-06-29,4.016993085165339,47.998899020576914,75.0237535546479
2020-06-30,7.485259928147251,46.58177805576035,75.34745184548206
2020-07-01,12.86360417636678,48.215041097025505,75.56823191237847
2020-07-02,10.531760060144135,45.86257231566139,77.00861340345092
2020-07-03,8.975998634737312,44.27348724179588,78.2335250758718
2020-07-04,12.71412543323805,41.06719631855226,80.27054485701005
2020-07-05,73.69136521325369,39.057671454103726,81.93748585429041
2020-07-06,15.023817842560954,39.0783084459338,82.50304925717411
2020-07-07,12.624926967360745,41.408859765550055,81.35666640906766
2020-07-08,13.429505470486106,43.334890824312794,79.7110353422602
2020-07-09,15.596927789161583,44.37479183617719,80.0012867698955
2020-07-10,18.825520306794488,43.928858499746504,81.34111587520962
2020-07-11,12.203585107061542,38.78776957046445,83.83504111046598
2020-07-12,9.793586425137091,37.96388111297112,84.83799303530797
2020-07-13,11.25787435525298,42.86656821665855,82.74100872496003
2020-07-14,12.583451880973758,46.02137800294174,79.85356546307528
2020-07-15,12.09599239898262,45.94745438572,78.31242417199975
2020-07-16,10.037971639587555,46.25200566398188,77.46150370681094
2020-07-17,8.599062641853482,46.41157391682544,78.13796239090502
2020-07-18,6.523346253629904,46.355807744470034,78.39611536031771
2020-07-19,8.47211462793529,46.52401025256296,77.78479967430918
2020-07-20,8.848408362067417,46.217451689431854,78.03698197567392
2020-07-21,9.625362560083824,46.242167692215325,78.06410808836169
2020-07-22,13.281343553421785,49.44629123460629,75.59051955935304
2020-07-23,14.742623650347747,47.14738059266379,75.83476796032363
2020-07-24,13.16506962628474,46.89811700014524,76.56855558487385
2020-07-25,14.910213454060989,47.003539406831614,77.45978031821421
2020-07-26,12.488800178669107,47.00235914566272,77.37365274353132
2020-07-27,10.465612428390852,46.071824942167375,77.05752790563812
2020-07-28,13.473605678035645,46.52965431950233,76.89457878887906
2020-07-29,15.020182122582632,46.61342115193488,77.36499392478521
2020-07-30,13.85604401189802,45.72755051680216,78.35739404940301
2020-07-31,11.383629372511392,38.63370679262311,82.5460037929904
2020-08-01,11.201660138318337,38.50223854824584,82.3816765839578
2020-08-02,14.437976222025016,44.56239129200267,81.41738892268388
2020-08-03,21.14904960568324,46.49068449234906,80.92483413260271
2020-08-04,19.840944396908544,48.49210884919203,79.09645592679765
2020-08-05,14.038736013327611,48.77685680679217,77.61349098718718
2020-08-06,11.690299483210328,47.491850863237495,77.01480312148163
2020-08-07,10.259869876810155,46.13191148113158,77.4044848943703
2020-08-08,9.869598186744426,44.64124238654265,78.05346079983346
2020-08-09,9.047237355505624,45.54727880381203,77.78271837324728
2020-08-10,10.33778321735086,45.79000453177719,77.50342911244643
2020-08-11,9.58080030281106,44.99133983749509,76.9147894759476
2020-08-12,8.746511443252011,40.98062599742148,79.07663300748264
2020-08-13,7.555234913790326,36.755965630805306,82.81998597268351
2020-08-14,14.957886255714149,36.70418703953833,86.12329190785499
2020-08-15,12.766616139332749,38.054679637928395,87.97282171030152
2020-08-16,13.087628738237116,41.264682721614214,86.93969019006724
2020-08-17,16.935593733160594,45.33661160561459,85.40719314459277
2020-08-18,19.416161294296007,42.553121105766515,87.25761978990977
2020-08-19,17.65208042924694,41.37063441950508,87.70300666351184
2020-08-20,19.666843621747063,42.59664778904448,86.7172221536894
2020-08-21,30.49079346815972,45.11508861258126,85.72759349144573
2020-08-22,38.71279030377006,41.98737715338626,87.43104097027238
2020-08-23,29.27081987496878,46.56579448125992,86.14081156766763
2020-08-24,21.22209083592703,50.06299008105074,83.29905312275122
2020-08-25,16.821445139202044,48.57812659292366,82.75131908067992
2020-08-26,10.55192448128866,46.97892940906352,82.67241732009626
2020-08-27,20.637061758697005,43.35968032160405,83.500405477497
2020-08-28,14.244867929796795,43.69078762415075,80.68306451311531
2020-08-29,11.708240830012006,45.61006669168763,78.03122389139428
2020-08-30,13.294527931423003,46.533446045762055,77.46304781698717
2020-08-31,14.352449562073572,47.0321045829029,77.29401104825511
2020-09-01,14.268157289264334,47.24874573698596,77.35629643132873
2020-09-02,12.236690334200954,48.248089752608955,77.63196077142544
2020-09-03,17.100975054940896,47.46837796919208,79.37979789252468
2020-09-04,23.78842294198892,44.88578449763843,82.07603219705508
2020-09-05,23.33110245530362,36.93039092788497,88.2751261036409
2020-09-06,20.09274830339128,27.434406686149313,93.97495142888796
2020-09-07,25.162094463760575,41.0050946930366,86.75867124372715
2020-09-08,20.40655110985595,50.004935428119815,81.19500565013715
2020-09-09,16.770828770402126,45.45820227461261,80.11176536327532
2020-09-10,40.75631502755027,42.68504801575928,77.32210974555574
2020-09-11,79.41082694908604,38.02415475486038,76.71358699819447
2020-09-12,98.64194597216566,37.616973120302966,76.10506425083322
2020-09-13,79.70564322351645,42.24559223593725,76.08179479008557
2020-09-14,86.8563713304189,40.84393455139663,77.71571447219108
2020-09-15,81.88531913624567,39.37156088596559,78.55156379652513
2020-09-16,60.60065520466986,33.30853738028256,80.00826811850644
2020-09-17,36.067419299113624,30.89992431827318,79.65231882271594
2020-09-18,29.85335292306711,31.40130372279611,81.54081902019904
2020-09-19,20.72915858508647,38.62700417887589,80.57528003180039
2020-09-20,18.089943264773424,44.22091965375456,76.60803945675563
2020-09-21,25.43424241638265,46.86909552699678,76.86923111267213
2020-09-22,24.8008967425514,46.597833154716085,77.04045958806148
2020-09-23,23.7111000011835,44.93673835721509,77.2649856880962
2020-09-24,21.858214210055,42.544324348155904,78.29355872545311
2020-09-25,23.373588559901854,46.02783008721402,78.23846023195321
2020-09-26,23.44552500647645,48.86719031778458,76.77862670303885
2020-09-27,24.119935564200677,49.33037320218581,77.58630336538332
2020-09-28,23.7778378199066,47.57578770032448,79.01300349223591
2020-09-29,19.54752059378248,44.19042525539221,80.38104763156198
2020-09-30,12.473023742475432,32.791956524247134,83.93792561513393
2020-10-01,25.618535953254515,29.79367819146531,85.16127652003249
2020-10-02,29.889695647029196,32.79620084515316,83.96687959449432
2020-10-03,39.79450827206397,35.39690993965773,82.18064233602252
2020-10-04,59.87645844499017,37.228251926806195,80.92570381523464
2020-10-05,65.27585742965286,37.294924906642265,79.60083941254959
2020-10-06,50.24577589393046,39.84237734505336,77.83843668820708
2020-10-07,41.6278816020797,44.05857111138966,76.28237583550731
2020-10-08,34.8326199455151,45.74023773677111,75.46732464508973
2020-10-09,28.91667002665818,48.34665897217183,74.29886081593273
2020-10-10,21.57683860632829,48.157107216656925,74.79650942474468
2020-10-11,14.876502754634563,49.611943350986,74.43138147989649
2020-10-12,13.58178064300525,42.67338022052416,78.20145847357053
2020-10-13,14.106521421127985,33.48065572500556,80.81116669293141
2020-10-14,17.73481060912472,33.200502111506616,80.59964219370323
2020-10-15,20.884312872601416,34.46933961648344,80.44063298530583
2020-10-16,20.60080950947365,36.99099957435331,80.16905813535047
2020-10-17,18.487505389992716,40.21357451793899,79.1760521056541
2020-10-18,30.920434624815908,47.47209266208402,77.0950096259023
2020-10-19,26.22205214243664,49.001270599674775,75.6231060550411
2020-10-20,33.32498535956497,49.64768365060024,74.9164169561732
2020-10-21,40.21748316145297,50.272863407270975,74.18447552838826
2020-10-22,21.77598016820102,48.83413890144557,73.89962819701044
2020-10-23,15.823840843093697,49.4381131035104,72.64975293754887
2020-10-24,9.843829448568108,49.97238570974284,72.02208064128017
2020-10-25,4.729514279177848,47.320421482011994,70.84806829754001
2020-10-26,8.679978753320384,29.698336939711172,69.16388739877613
2020-10-27,42.14496231571513,18.680970619930545,69.89843328267004
2020-10-28,27.809950495044873,31.469385901107675,70.5728232145342
2020-10-29,24.332054603658033,33.15885614591576,72.16343929571624
2020-10-30,22.38544738365308,32.70752081615076,72.77903503246515
2020-10-31,22.51081110948792,35.694451672343114,73.26216573678781
2020-11-01,25.064080066381894,35.65527652376049,74.73983978829912
2020-11-02,25.111332458724068,41.64418663044461,73.29776547695236
2020-11-03,39.80082331892189,47.72204517388938,72.4898752323859
2020-11-04,31.56486883375565,42.23282886221581,74.00757320916848
2020-11-05,11.685712074187714,29.721864612980045,77.40133657797297
2020-11-06,14.06690240201975,41.492346674381125,74.09349779985835
2020-11-07,3.464046452257823,44.46597166570993,64.44520066341387
2020-11-08,5.437903041037922,41.86853049473597,62.48347365390072
2020-11-09,5.001789153523071,34.69361785044689,62.18968994768647
2020-11-10,7.539947964883919,32.451574327145295,63.08979401392136
2020-11-11,11.912482907218234,34.24397056323187,64.30041414522938
2020-11-12,18.518387962658807,36.85479108893309,65.26884693228932
2020-11-13,18.795360912280454,40.51965881788074,65.19956328024867
2020-11-14,21.618618536660424,43.817806765119194,66.64287402533716
2020-11-15,13.232498665852916,29.739628472410185,71.889930167469
2020-11-16,5.9514431254492015,21.856232266016494,76.23899027536555
2020-11-17,10.526499611485724,30.51757905021111,72.21787197918482
2020-11-18,14.496569544255868,45.35767936007624,68.19675368300408
2020-11-19,15.517245547083604,48.44190749956023,68.70524273037155
2020-11-20,16.983855850688904,41.63434594935687,69.18765794302661
2020-11-21,16.283845461323423,38.65606140695386,70.28928240380394
2020-11-22,24.597802036758683,39.79972878580863,68.88474418968104
2020-11-23,31.926431874700825,47.68873079216942,65.38244380634163
2020-11-24,25.8496299956676,46.10650592343007,66.69655409725135
2020-11-25,24.95689021272265,47.293106965877094,65.19364023491237
2020-11-26,25.92357468413223,40.43632713050153,65.28411315662086
2020-11-27,6.264905848711629,21.65255075528849,64.93152885768308
2020-11-28,6.380184964002226,21.28572475518119,65.5519125597562
2020-11-29,7.6857359841955,22.96631122622134,66.45282899001718
2020-11-30,7.267106219270673,24.075672508957112,68.39154973400869
2020-12-01,10.64781414736214,26.016256130189927,68.28664581680523
2020-12-02,16.472485767801782,27.30579313723058,68.43647542442298
2020-12-03,14.432202197585095,19.434755499063822,67.65112502412317
2020-12-04,7.195649696259596,18.494787595385713,65.82687233494876
2020-12-05,15.018236206944357,23.76580905873317,65.0159062759106
2020-12-06,18.377064769387605,25.79066596805914,65.45275817779638
2020-12-07,16.775235733896555,25.746848220182603,65.83863401844629
2020-12-08,4.897542304019383,16.569711898292958,71.98996746883758
2020-12-09,8.635854889778154,23.14619816005937,69.3543751910435
2020-12-10,14.302713205792138,40.66224424749042,64.57829339234821
2020-12-11,20.47094064307214,45.42289282609148,64.43919133784065
2020-12-12,24.341252939918355,47.034674751479955,64.07798525398626
2020-12-13,13.4774170027011,34.04793253243281,65.57356547327507
2020-12-14,5.761754020275343,35.095149434022765,65.43513581744487
2020-12-15,4.372909418712635,26.757730139119328,65.29670616161468
2020-12-16,6.213207378050668,26.00795183957893,66.02403218402813
2020-12-17,9.621709370127814,38.57924290513785,64.837217443361
2020-12-18,8.058108776245335,38.96629012791168,64.80843716606877
2020-12-19,8.30885200207909,28.2227223106672,65.54993333187116
2020-12-20,8.659693876791168,23.17350148635503,67.82499518843935
2020-12-21,5.814535928001326,20.51391228784915,70.07678102536781
2020-12-22,18.025834741788895,35.782283255323065,66.62212954064103
2020-12-23,32.616253850919236,37.59780332722307,65.88757747879761
2020-12-24,5.937181906654916,20.07512202083062,64.455280334051
2020-12-25,8.154791854521728,30.13482052889857,66.331312428221
2020-12-26,16.05037822160725,38.04787516924258,65.03912456108624
2020-12-27,19.74526888470269,48.059760008743254,64.63260901226207
2020-12-28,4.469190632796753,55.607727191112126,59.06191831487961
2020-12-29,5.926985759501705,44.54732299155263,60.22628675286957
2020-12-30,6.932004687400266,30.70865451787691,63.31914012944369
2020-12-31,9.884255458625478,32.79465881312707,62.98269185440439
2021-01-01,19.61912147751117,28.447079564150936,65.32528800630898
2021-01-02,12.875160319396366,37.9653122098429,63.76956062961843
2021-01-03,23.690234462426663,48.31633737675776,63.98472941774472
2021-01-04,22.526849146757552,49.681057149831936,63.85548539673922
2021-01-05,27.770391720798393,49.57370726265469,64.2206238584679
2021-01-06,20.479612511577653,40.63694394149476,66.11665399330374
2021-01-07,16.60158639405111,38.20032812303,65.58988270515555
2021-01-08,21.626219681993376,37.69307241006058,65.56658848649965
2021-01-09,15.82925657259105,31.538676089910464,67.83819539161404
2021-01-10,7.275946276097463,24.542872790947143,67.27061928371337
2021-01-11,7.529715671004212,27.278129145701232,66.99256052283492
2021-01-12,7.093078946492783,27.549377715355583,66.78748057956653
2021-01-13,9.731238704001113,28.27481026380772,67.93950443058856
2021-01-14,8.9813403077975,27.405331078540193,71.9339224951149
2021-01-15,6.496205038558136,21.429727472932505,76.03582439666641
2021-01-16,8.605165599935882,21.772272446406387,74.8926151518905
2021-01-17,8.88368105944044,21.499419692935188,74.98579630746421
2021-01-18,11.34253619409454,28.112216946569927,70.97803527986292
2021-01-19,17.124720010984074,35.37370447633914,67.62619055012469
2021-01-20,2.544431643120932,25.566597843383597,71.36457950395543
2021-01-21,4.929785593678481,33.64587814756552,69.16807464731792
2021-01-22,8.53462376520475,45.92786334735979,64.92430557947718
2021-01-23,5.063311073326976,50.946800860369365,60.597206137912146
2021-01-24,13.617119301565303,47.98283109010463,60.36394487346101
2021-01-25,2.3326985258936417,42.302120665578926,59.46413713128435
2021-01-26,3.441942387325698,33.96045702910336,58.49785423689391
2021-01-27,4.5366145850325665,37.61420629897885,61.04982305581102
2021-01-28,6.119309614523338,42.1167914387393,62.69362814327455
2021-01-29,3.411176129389296,54.55192889669424,60.73083447255299
2021-01-30,10.303363810898952,46.26946663129429,61.108006974815105
2021-01-31,8.532799493489545,36.84534991707502,64.812135892054
2021-02-01,6.834223463026162,33.75306866234761,69.12685271204964
2021-02-02,7.464526504719717,40.894261753968635,69.3802443389323
2021-02-03,9.271523580829315,46.35593011439661,66.26198702434846
2021-02-04,13.750109492375843,46.1605804834089,65.51489781480569
2021-02-05,13.361935296207314,40.93559927757955,65.77729377709055
2021-02-06,16.72652126613838,37.4706229129504,67.09012731451247
2021-02-07,27.613717926709512,40.23891990996521,66.30422402424853
2021-02-08,30.84144387630121,46.63705561889613,65.2313854534513
2021-02-09,21.02683478198163,46.365345031982685,64.9571771242271
2021-02-10,23.83220215317827,47.167411967901835,65.49419198614383
2021-02-11,28.20624818517117,47.7185140711014,65.2155397645976
2021-02-12,15.376752667835984,44.81944680226188,67.29893846871784
2021-02-13,6.910378479690194,45.95978346142664,65.27328878028995
2021-02-14,2.4639301681531247,29.09062236130289,67.03730330243472
2021-02-15,5.49935733882388,37.43248917444283,65.60252661266736
2021-02-16,7.290576564531811,41.770883906948455,66.72763183344122
2021-02-17,4.363541140579233,29.67673528303489,66.4241254763818
2021-02-18,6.734303612849979,22.68848861810376,66.40712169532888
2021-02-19,8.15091412583854,27.439276356754387,66.2655921811892
2021-02-20,8.833896531371039,32.2427152523706,65.39415091989619
2021-02-21,3.788414133430472,22.21838937716581,67.86497572681871
2021-02-22,4.421718806800063,21.55975574248257,70.80389493742229
2021-02-23,4.9243409345735225,25.00336029896319,71.27678579724872
2021-02-24,12.38133241807527,34.85535768148318,69.51928972725014
2021-02-25,12.486146961834072,29.962854383770885,68.65728875826963
2021-02-26,6.368912776664784,21.435515978824935,68.29204630279258
2021-02-27,9.750543032401303,31.102811476540772,67.50709755694962
2021-02-28,6.353369627223304,23.944346735434294,68.4242180062541
2021-03-01,3.3685304321285474,16.476509431687376,68.24873473280073
2021-03-02,4.82430024976829,20.53314563064076,67.9819252012649
2021-03-03,8.113680479388508,40.98773258615133,61.521788461862
2021-03-04,9.289693402602978,41.55121637989519,64.62497773492846
2021-03-05,8.917555005935979,35.120644549577236,68.71098383175782
2021-03-06,10.135609545895663,41.192141558476735,67.26366608646846
2021-03-07,10.88703655045924,46.042710466293464,66.20007084813741
2021-03-08,5.95686955001825,43.021648475532075,67.42157664633028
2021-03-09,5.730741445830653,41.25748845011135,63.91322630989213
2021-03-10,2.703971233194566,46.9272454910684,62.1193518006699
2021-03-11,2.4740623211414987,45.8700041475904,60.645641394328905
2021-03-12,5.796190529891998,42.54382350068622,60.622066165031825
2021-03-13,14.135994957066712,43.844010535923985,63.189324948756706
2021-03-14,10.109969967694214,44.535984953910265,65.41376824897421
2021-03-15,4.392226790147884,46.26139365822947,62.61526490659088
2021-03-16,3.3442549907701298,35.37496590250963,61.54278262192494
2021-03-17,6.258752977473827,39.68766217759459,63.62504386490496
2021-03-18,8.745857526636328,42.70353145506713,66.36495462302805
2021-03-19,7.508949653821655,43.38001262693158,67.78752875980537
2021-03-20,7.736743659574832,46.76459975269041,68.34637135545158
2021-03-21,5.250355198094974,34.68800910728904,66.84942188765243
2021-03-22,4.622342235073198,34.237256392805854,67.59511666567543
2021-03-23,5.624657252518326,39.08611526648194,67.22594121796341
2021-03-24,2.240233431978231,19.92237032387251,70.30098392092948
2021-03-25,4.824510127339836,39.15235305856189,65.23739360128701
2021-03-26,4.143286276961985,40.43056693002944,67.05263500161229
2021-03-27,7.12506631962963,36.117060757121926,68.86787640193756
2021-03-28,6.575363277722511,26.71435905910652,73.83137804898826
2021-03-29,8.119949061230074,29.377390702235335,73.7038416692345
2021-03-30,13.886158320849033,40.622750247667646,71.41228096631623
2021-03-31,8.5440633358454,28.30447615948901,74.76439722393869
2021-04-01,5.447878296342586,16.144130334895916,76.92154202636658
2021-04-02,9.783790522247296,34.854409018439576,72.34333139392842
2021-04-03,22.509570058445828,43.32891333347389,70.3289153206091
2021-04-04,15.383364373441012,37.96245197666171,71.07130224694703
2021-04-05,9.317670700459326,41.86082760754637,70.14167521763252
2021-04-06,10.966585695774294,44.0893528303772,69.5855999716839
2021-04-07,11.051099729736132,41.61198426271825,71.4773963442934
2021-04-08,9.436407457611372,40.91402598073976,71.8014983041673
2021-04-09,8.969744573814287,41.32226799326687,71.54942546525969
2021-04-10,10.310289098217,40.52442685029106,71.94961356099932
2021-04-11,13.805953392490128,43.276460795940146,70.99409309286148
2021-04-12,13.329531291291923,45.29572006485953,70.10705684864094
2021-04-13,11.015680094608465,49.50864361248151,67.39465953422334
2021-04-14,7.89590169378379,44.80719792803165,66.63866284660081
2021-04-15,9.23625169012755,43.30193177997673,66.59285651147233
2021-04-16,12.793048997316518,44.17251575561572,68.60086711896005
2021-04-17,14.614357147610631,44.11372929687577,69.70738992841503
2021-04-18,8.26840860655991,28.264338500795837,75.59902049386088
2021-04-19,8.667375430827958,28.527576645147537,76.49859650154785
2021-04-20,14.231216651507845,41.54075821017303,71.51560033274697
2021-04-21,9.02138483484315,44.11917215259516,68.0197879295328
2021-04-22,8.530898961114763,47.26132318994436,67.16104862872565
2021-04-23,11.107989657949457,46.53948837947171,67.625085054987
2021-04-24,11.441214228513957,45.9662054417587,68.46322961302899
2021-04-25,8.56285816082668,45.840812693291326,67.62084524227188
2021-04-26,2.818190601087708,44.214705094179486,66.89498923689915
2021-04-27,3.5184006343372243,41.04091764344944,67.42362779055503
2021-04-28,4.677330688907753,35.344238383581825,72.25446713886356
2021-04-29,5.2199847698063415,29.247219372331987,77.42217769136096
2021-04-30,7.085987409728026,27.812265574311542,79.5248701393074
2021-05-01,10.36161853126683,41.05364648156788,74.15664826301773
2021-05-02,9.421842195279956,44.16596638778029,71.68372154914367
2021-05-03,10.00974592632616,43.09335371437835,72.90404354959995
2021-05-04,11.683896272078128,42.208384433060246,75.18293814857456
2021-05-05,16.72072202694574,42.83047879348196,75.79438318797332
2021-05-06,17.321768594690877,45.772204526753285,72.83005336482945
2021-05-07,14.599117270206964,45.477442379870595,71.67640139627419
2021-05-08,11.283274455520685,43.85048266640134,71.90939107185568
2021-05-09,13.78372725932863,46.12476817132877,72.14238074743719
2021-05-10,11.56967919925882,48.349053108007205,71.5580756191866
2021-05-11,13.77671000052971,46.85693983946064,72.67527951881574
2021-05-12,13.59806065105441,46.91316918487669,73.0828537859441
2021-05-13,15.212724861351653,48.84014531953155,71.87519754077732
2021-05-14,14.78442822723272,46.520669218776085,72.05976234578496
2021-05-15,9.699455609619076,45.02408598891822,70.95819644908411
2021-05-16,6.162972367818806,50.35727642525366,68.21052679305024
2021-05-17,8.205535886398664,47.73545578351513,70.08693942099686
2021-05-18,12.105856198929825,45.5908967884121,72.63369054971504
2021-05-19,13.938205076299637,46.24298174337591,72.5951446674417
2021-05-20,6.977359840626803,42.48609873843757,71.41102155003443
2021-05-21,5.115231230577966,36.71354083589293,69.75778412493689
2021-05-22,6.106607862900519,40.677600311880255,68.51322478563829
2021-05-23,7.711030547457595,39.15619626043496,69.8533515871001
2021-05-24,6.5935283007611885,33.53543000553391,75.19824664539458
2021-05-25,7.0613286216454085,33.63236748026794,78.2567331843195
2021-05-26,7.933509901818852,41.975261389993854,75.48170386439291
2021-05-27,11.11539649459107,42.99734286582393,73.42877807946338
2021-05-28,15.320330370040596,44.47353739307466,72.83218746452162
2021-05-29,12.292063457831896,47.17398626989648,71.31367730262305
2021-05-30,11.260002644231005,45.66335384181576,72.3682845105449
2021-05-31,15.697652307947552,46.1996867042506,73.52326928928083
2021-06-01,20.737700976805495,46.654171506023616,74.67825406801677
2021-06-02,17.843495951721682,46.96077342004505,74.66442334364925
2021-06-03,19.01770184752705,45.587808799696894,75.38236970072997
2021-06-04,16.486198981385165,44.29235140826095,75.55808101989828
2021-06-05,14.157443902701246,43.78786414317433,75.05111229024547
2021-06-06,10.308379219576464,43.92844530533592,73.69149026334487
2021-06-07,6.494683367551832,48.35419266744666,70.15793958484365
2021-06-08,4.205364027465935,42.10558285507304,72.54158051467368
2021-06-09,4.085417315489934,40.34943239665377,72.83821093417576
2021-06-10,3.380107875151327,35.551964007523935,72.84570662167364
2021-06-11,4.47774578885117,35.978189501715825,75.24412811789068
2021-06-12,5.574616169275276,35.226469908597544,77.36702017428748
2021-06-13,8.116177504855733,39.00070550688188,77.73057695602009
2021-06-14,4.594471304953824,38.403844967662025,79.8981398996644
2021-06-15,4.941225006838209,36.35426223257626,82.78143680412502
2021-06-16,7.464263218749249,39.30812917100835,82.1815631439267
2021-06-17,12.869734804097549,43.40484392313183,80.27909818655993
2021-06-18,17.406847121016103,46.46783727194389,78.61494497386629
2021-06-19,17.318962198355923,46.43853216453909,78.31254855368854
2021-06-20,15.593007737980331,46.39921327171567,77.17722490731728
2021-06-21,14.821716011395162,45.347188244987805,77.00802489632432
2021-06-22,7.5868180734894,44.68739967365087,76.61875457252418
2021-06-23,3.842924844099687,43.81333343321198,77.21800994252054
2021-06-24,3.4300388758247005,44.93158315117849,75.37422998978447
2021-06-25,3.83537231098231,43.60304400620629,76.49504590405498
2021-06-26,8.50055177802722,42.69498285239406,78.46509870010611
2021-06-27,13.989230562699737,43.44793404914768,79.9647653062326
2021-06-28,18.791061272989374,45.16621726552187,79.90744083819946
2021-06-29,16.714604420226177,47.19233666815959,78.50337464549601
2021-06-30,14.178963061198408,46.67797556904392,78.4993678188107
2021-07-01,16.103938897329726,45.411961404299525,79.71689994206784
2021-07-02,14.619556239724458,45.05147939509503,79.53883883671803
2021-07-03,12.778294389221834,44.05853525558008,79.82986710320935
2021-07-04,14.775401916056284,44.30930017236349,79.09041898834784
2021-07-05,49.170578873166754,44.29966956116233,77.96509668128202
2021-07-06,12.21870028128749,44.022774263218686,78.79265042933139
2021-07-07,13.017394119268156,43.61658238433533,80.0285276591105
2021-07-08,12.650600499195408,44.1580397275038,81.21865337990208
2021-07-09,12.323278339197904,42.358416380364446,83.33454308303507
2021-07-10,11.288772551158187,41.79690234083872,82.95666311436158
2021-07-11,12.20439335639782,41.97375897091973,82.07842975214903
2021-07-12,14.287913725449268,45.04283356038031,81.03989039367131
2021-07-13,15.555612250618664,46.300930627556056,81.29753627051605
2021-07-14,13.115154825867895,44.57354872901544,81.60851821165207
2021-07-15,10.755872441430464,44.13411075072452,81.49282985774639
2021-07-16,11.035599339751666,43.61424040621186,81.05642622004729
2021-07-17,10.93686734447768,42.76580230110744,81.58955666691303
2021-07-18,10.156772975174022,39.805694221243975,83.25728445064095
2021-07-19,9.232651304877496,37.96849977852667,84.20315707066983
2021-07-20,10.293200301763836,39.32352804355127,83.33218327268106
2021-07-21,9.17225370568864,39.83407534449953,83.7051319774031
2021-07-22,10.578790014072036,40.98001513888742,83.25772944964864
2021-07-23,13.16065428142512,44.60863476498124,81.88461395677709
2021-07-24,17.0391801332285,45.678904806578906,80.28225006252173
2021-07-25,13.860888362044104,45.39622236797097,80.07285424082467
2021-07-26,14.095557426020031,50.651801459217616,78.25313914499284
2021-07-27,15.137383125290738,48.10893562339642,79.29125030082433
2021-07-28,9.059150479484565,42.34876419299855,81.14085220425413
2021-07-29,8.88260605440322,41.01447852465623,81.17147826128883
2021-07-30,12.778430938006634,43.03372385900553,80.0880668465969
2021-07-31,11.42838718489906,42.71456966302931,80.08955626633212
2021-08-01,8.778854803197852,38.97018908257608,81.18274426870528
2021-08-02,7.114200508769919,34.76056639792897,82.43635869681695
2021-08-03,6.6426548979283035,35.56724128459449,82.0878780950132
2021-08-04,10.249867545671464,39.407514978889864,81.59406398506617
2021-08-05,12.25941941092622,40.09649990337466,81.62912672023228
2021-08-06,14.736842341734764,43.48209729106494,79.70440975003112
2021-08-07,20.690643480890273,44.6876332568668,79.06811447341076
2021-08-08,21.151940798443704,44.65390234202589,78.87752701094496
2021-08-09,17.75344151220109,43.79920614807883,79.43533762920119
2021-08-10,13.824958726963049,42.16378075504823,80.42612914871421
2021-08-11,11.061831517331385,39.414065450898185,81.52795063698049
2021-08-12,10.480218413684383,35.02331130743132,83.21249569807884
2021-08-13,11.06531448316768,36.78240912578357,82.00713965140619
2021-08-14,13.879040806877288,41.431296800167466,81.26876202346328
2021-08-15,13.917006965892572,40.78040947978479,81.7960602696967
2021-08-16,13.655951093248069,41.32551425515798,82.28587472134198
2021-08-17,15.52193228573777,46.73199922303186,81.42077064471042
2021-08-18,11.572928892490228,50.79842661892676,78.24158156069275
2021-08-19,8.492767308864126,46.9939665368413,78.80413553878314
2021-08-20,8.720638720568695,46.79977096820807,77.4650919296402
2021-08-21,11.49288008550309,49.17981186649955,76.26712686373367
2021-08-22,19.70859129041834,46.90730348404291,76.08440777728399
2021-08-23,21.22528456050939,46.576120517119776,76.15602580185454
2021-08-24,20.507331471275172,45.75649927069893,76.93263266425458
2021-08-25,24.10756586564834,42.92143676719294,79.1323864248923
2021-08-26,26.35547999055116,36.16160537491664,82.07074117352799
2021-08-27,16.726312646409887,36.87752210502106,81.1689832438468
2021-08-28,16.36948488687864,41.0604992875728,80.08826175677459
2021-08-29,17.824011769955515,43.34578636249249,79.69840732770514
2021-08-30,22.09676558403992,44.22620437434007,79.11306015348833
2021-08-31,26.916461735258324,48.86944174098893,76.0438505136191
2021-09-01,27.516249197741885,48.420334788005086,76.53617308771112
2021-09-02,18.918471719851667,47.55037753911749,76.80466248754071
2021-09-03,22.334758539344634,46.71664014692247,76.98914145041232
2021-09-04,18.66827152981126,37.36089444697061,80.07783576975378
2021-09-05,16.171265230426876,30.03281676353704,83.07582065053295
2021-09-06,25.325528713495167,42.08332516418592,81.76033876256096
2021-09-07,22.99765154320797,46.08118269151954,81.05205826232374
2021-09-08,24.023119689465513,46.62217036324994,80.44327267659212
2021-09-09,15.736130484807344,44.15653208730057,81.64913878291057
2021-09-10,12.588465696353364,42.85185318875241,81.79278779580247
2021-09-11,8.718411972125569,38.731001939699354,82.53953745742052
2021-09-12,8.411641656173526,37.83862811874277,80.76738593570487
2021-09-13,13.86269914098593,39.93476678463863,78.11537675761257
2021-09-14,18.96010313468996,40.88248510278474,76.16683486195504
2021-09-15,20.694943680906807,44.552072662770456,75.63016880503811
2021-09-16,19.453652191216097,45.509217602458,73.99611986647025
2021-09-17,17.767832667423324,45.46413846437694,73.87978454116693
2021-09-18,12.462209778070235,46.3959356372488,73.37667523948551
2021-09-19,15.96610116001435,46.54683040936423,73.61933995853857
2021-09-20,16.428509472006066,44.72975386894745,76.80747863936037
2021-09-21,12.777456238290023,39.99407109622139,81.26264847322602
2021-09-22,8.188730054481601,35.6098583521277,82.64397562126155
2021-09-23,10.111361261348808,40.95226563636573,78.86366714646407
2021-09-24,18.68557580635852,45.539695972058986,75.87702474059097
2021-09-25,16.642510294676928,46.251448255925176,75.98576603586835
2021-09-26,17.316528365220073,50.4215439462079,73.19683174855166
2021-09-27,17.003412740629855,51.31277365323121,72.27396702112395
2021-09-28,11.022555502394022,49.82409705874223,73.24078785193663
2021-09-29,14.214516136643958,47.7033132934554,73.3976266020101
2021-09-30,11.204701388479736,37.90262145521092,76.55557542429027
2021-10-01,7.005669658561615,28.012936303726352,78.35721626712805
2021-10-02,7.88507599943522,29.868654473114404,79.28518176407435
2021-10-03,9.679648896694571,26.062952596567698,80.63638202527332
2021-10-04,10.804274603529494,30.305272534320935,79.32447706780218
2021-10-05,9.307310989516749,44.50877724494191,77.94657410110327
2021-10-06,18.029424387843413,49.866138612179306,74.22717640827932
2021-10-07,15.073180575352296,51.88255453895028,72.60232138201327
2021-10-08,4.733655254417654,50.38283234779585,71.94695727514556
2021-10-09,5.08074865918249,44.782105141654256,70.75920091821422
2021-10-10,7.811727206029262,39.469809777275344,72.56188308554101
2021-10-11,10.456572565457805,40.299749270101394,70.2879850076409
2021-10-12,4.8215851771275995,22.12558935575405,69.0398629044123
2021-10-13,9.302112785963551,26.60334122816466,68.41976989760887
2021-10-14,13.921518913169438,29.533517812600444,70.2652534577027
2021-10-15,8.037125440128833,23.825623265572105,75.26746160087193
2021-10-16,5.057842360099502,18.349877610827797,77.15411724250303
2021-10-17,8.499141310224081,31.56807914185204,72.07991319945049
2021-10-18,6.300755913970824,47.12054928070329,69.10004993477135
2021-10-19,4.238133733759273,43.26423589413559,67.48307200432124
2021-10-20,6.372484275155925,43.06504540830469,68.61640110749622
2021-10-21,7.067417974850214,40.338266262553496,70.39166416739903
2021-10-22,14.381730176032413,47.966249798017095,69.34048725320149
2021-10-23,10.30950228173309,52.69813701494881,70.4383795631245
2021-10-24,8.170034377294618,49.664709240819505,70.1548236671359
2021-10-25,6.046035209579344,58.628851231564816,66.59551557047789
2021-10-26,6.092756074757787,48.54193936966818,66.50580450414333
2021-10-27,5.545285668847943,37.14564488904975,71.65640674748134
2021-10-28,5.051443942382002,33.18322721320347,76.6525117744565
2021-10-29,7.187718911302629,34.586163940622555,76.85378137124225
2021-10-30,23.817868335805453,48.636855685348294,71.74203566384512
2021-10-31,31.36692963489607,49.53597318831378,70.0500004778933
2021-11-01,30.62493829125574,52.08836856662366,68.00421169793114
2021-11-02,19.81678647815865,51.91484738128488,68.14650117201296
2021-11-03,26.374462524255534,49.84387463311661,70.50589175028689
2021-11-04,30.02232213311927,49.14470896761463,71.28543587751852
2021-11-05,32.94607550619864,48.24762282198646,70.92685152205979
2021-11-06,50.24167891460647,50.38633648096284,69.29000669745201
2021-11-07,47.40237062379256,50.5757912047514,67.76910705031011
2021-11-08,35.541343338239194,49.43639840859569,67.98299446536586
2021-11-09,21.388810347307466,50.94734901016789,67.84553720161237
2021-11-10,22.106470229881737,48.90394527091157,70.71722773080457
2021-11-11,8.430767888237433,33.94846344503514,75.77708390705921
2021-11-12,4.363889548473132,27.284556963369024,79.03268949814915
2021-11-13,4.426497199514153,25.182787250181732,77.74009335711297
2021-11-14,9.681373448353254,27.06459375651056,76.44749721607678
2021-11-15,15.274138548528978,34.60235102580531,73.64056866366052
2021-11-16,30.8771357637304,46.70452950173038,68.9573423216123
2021-11-17,34.05465672590347,47.8855228680342,68.46517261010038
2021-11-18,33.15968650312487,49.19215545798905,67.05772886140474
2021-11-19,38.85885287127456,50.13528546847214,67.20112576550495
2021-11-20,47.49920020536688,49.50913348980125,67.05400292880863
2021-11-21,18.282129976220087,30.84857760224434,72.32000679484774
2021-11-22,2.945486298770919,18.48885088445932,73.59859740507245
2021-11-23,5.575963592698833,29.76095549325136,71.69460451865662
2021-11-24,11.439235670540526,40.365346799978695,68.48533362477126
2021-11-25,4.275761845726072,17.309921369273777,70.10059575952717
2021-11-26,6.461501868838072,18.597955898866015,68.44634495221787
2021-11-27,7.972128340779824,21.920606229684054,69.14795219324459
2021-11-28,14.813916190039109,28.4836761669288,69.31708349337762
2021-11-29,15.007495354868515,31.511842601451157,70.5358655011941
2021-11-30,26.781015080898715,38.81088339173952,69.2418693198472
2021-12-01,30.908697813180577,39.834725740549054,69.63394063139401
2021-12-02,39.31130065073543,46.77438238622678,66.15296544521846
2021-12-03,48.066709821818975,48.96949319772102,65.23739009925434
2021-12-04,45.41395578574472,49.25137707879041,64.93317706751087
2021-12-05,43.59527756246968,49.279281539628506,64.51081526252838
2021-12-06,44.67313254307398,46.31578544287261,65.04696547711814
2021-12-07,28.60600376048748,50.08332507109272,66.40989482875777
2021-12-08,24.593953960682462,50.915029988333664,65.17563764882972
2021-12-09,10.194277270339192,55.068216563671385,63.89544068800187
2021-12-10,7.079974668171133,45.52633641114664,61.64384985607967
2021-12-11,8.206104953743731,35.55674593399191,62.38554816566856
2021-12-12,13.868464875444548,36.41776077766619,61.58327589500278
2021-12-13,18.672463156444312,47.11634766004707,60.64573980708382
2021-12-14,3.878131810515213,58.51214283494561,60.55625817334643
2021-12-15,5.284927922844066,43.82572589822132,57.696957138997696
2021-12-16,10.459571606942562,47.2624727054536,60.29742240998887
2021-12-17,16.344579454436825,44.739927511265456,62.89788768098004
2021-12-18,8.06562572138841,32.89366463328207,62.7189677479577
2021-12-19,17.4557806398482,36.37092100130385,61.87282323156161
2021-12-20,29.229639123583457,39.30601276894465,61.32033910938946
2021-12-21,17.460638583828644,35.7575214416584,62.72299301097411
2021-12-22,22.60334927670893,38.00625766948932,64.12564691255875
2021-12-23,15.427556270754774,54.50380759345767,62.89293798568302
2021-12-24,5.08983725230864,57.36369702758981,63.72607830966181
2021-12-25,12.513860418152031,55.66973634443936,61.0960710509292
2021-12-26,3.655676307810471,49.776677377493414,60.53389392946479
2021-12-27,7.336525118179424,52.39372669181374,57.753384733060734
2021-12-28,4.789512093635566,48.56331272863394,58.89440495140504
2021-12-29,7.59357691917362,54.570794483983526,57.961407563532795
2021-12-30,3.850152071393192,61.98954019780361,60.86858471940262
2021-12-31,8.334239257526113,54.387831589237855,61.79998320162061
2022-01-01,13.474831479864678,41.865334074989526,61.21095849916562
2022-01-02,6.652535069701774,32.3231488853231,60.66269063257321
2022-01-03,7.473613519916729,35.46666555061386,60.21008120417897
2022-01-04,14.154928322930232,42.417336512360905,60.97076653774782
2022-01-05,21.662082462818027,42.611306205938014,63.97838414429228
2022-01-06,21.368537373175847,40.923735691488034,66.27758632611453
2022-01-07,35.679408840281255,49.75920146182713,62.98287506731884
2022-01-08,27.770248660949047,47.94742925503976,64.57828084978743
2022-01-09,21.059518289164153,39.334236684796075,65.0577891082114
2022-01-10,4.400972191844855,26.333219232536525,66.92670632169818
2022-01-11,3.648048353969175,22.124586805963997,69.00127396635516
2022-01-12,4.62145112510041,24.854664937646636,68.17160260077563
2022-01-13,10.82526215011784,30.450811671985093,68.52440172668041
2022-01-14,14.179340262201771,33.26053184644339,69.29694067602874
2022-01-15,9.885081052919933,33.9461533360196,67.91284661602678
2022-01-16,5.256422796276995,29.114658203196363,70.75904900512164
2022-01-17,14.324433780932946,47.65252120090205,67.83495558390031
2022-01-18,20.425528492458056,53.055326317897695,67.18449452220207
2022-01-19,25.62484867541939,51.96182607249127,64.90538762173901
2022-01-20,14.061720182412756,40.317737184351245,66.64992380618321
2022-01-21,9.932298595895478,34.9635910741342,66.0831292329418
2022-01-22,2.3106560509115903,18.94028686810423,68.8850808916979
2022-01-23,5.12174703587441,23.486431448780415,68.38395981036969
2022-01-24,9.013319783404466,31.21370239653199,66.59040897551048
2022-01-25,18.79659678914441,41.98234377414396,64.68576754261265
2022-01-26,15.573212775311966,36.089067769132,64.40487248865846
2022-01-27,7.364846042664569,28.49380321957808,64.82645136292864
2022-01-28,6.026940208533023,22.828370974129527,65.85994714937533
2022-01-29,5.224603350825535,20.402151427048743,64.72600540560961
2022-01-30,11.411955897279295,28.90084934519656,64.74027861379693
2022-01-31,21.571780613748807,40.1408858938771,62.680589924610544
2022-02-01,29.365846553238313,45.63696648679854,64.23237552046886
2022-02-02,12.976354466454325,30.84179666791442,63.340178674018965
2022-02-03,5.730154618120568,24.472489423220825,62.447981827569066
2022-02-04,6.619726089204185,26.43446804155178,63.90039207025758
2022-02-05,5.47767456681431,22.87767884943743,64.57489134058945
2022-02-06,8.908568022176558,24.281270143252986,67.71549359940006
2022-02-07,5.942493573361538,21.753045633247524,69.77373459233323
2022-02-08,4.4243492285447745,21.62570376142883,70.55158079433247
2022-02-09,5.047067956828472,20.435271292337298,74.12829712431989
2022-02-10,3.9195310099049503,19.921582276685836,76.90334576385774
2022-02-11,6.2919304381500325,25.463347751217302,74.7001376138417
2022-02-12,6.883039396381379,23.021314381308542,75.29509340236203
2022-02-13,5.813043353002312,19.50849763149403,75.14942650042389
2022-02-14,11.254726048781915,29.017053533882898,70.98995309543022
2022-02-15,11.137949707768792,44.447213650218664,64.90424266559232
2022-02-16,4.554244496749859,36.78962188221806,63.43422112138052
2022-02-17,4.511813228369638,34.51295450357366,65.95553238348757
2022-02-18,5.47700101636791,26.570799709176644,66.64961608642639
2022-02-19,7.527516678695468,28.857209066074265,67.87791611219902
2022-02-20,17.050309382505056,42.50417516299416,65.41710953239348
2022-02-21,13.164416903746828,43.56834113617217,64.34114279893409
2022-02-22,3.949648772671098,43.08663769592609,62.27775581376672
2022-02-23,2.088738923949189,34.292948706816944,59.07882411320754
2022-02-24,3.9112500547376614,25.438082024588905,59.39394134419423
2022-02-25,7.996414701249003,28.075030760669943,61.03892644481306
2022-02-26,9.299724629816945,26.101740597726327,63.44997460303704
2022-02-27,6.067991553606622,20.2647117851939,66.82813130189466
2022-02-28,5.681919378193614,19.721319203956384,71.32283292760047
2022-03-01,5.302466248111312,21.560657418310942,73.51382206695808
2022-03-02,8.693520044924401,25.213412773512733,72.03393127855922
2022-03-03,18.96134832209437,38.63633350713181,67.82700398171764
2022-03-04,5.615569208046545,46.96230409454448,65.52731035807521
2022-03-05,4.047258285281333,43.189197641462584,61.953103451116554
2022-03-06,5.5281110481294276,36.72057338673863,61.47801639396667
2022-03-07,7.233415102943613,33.732006205136784,63.73750344229342
2022-03-08,5.3051190825959855,26.464963745338167,65.53464093337391
2022-03-09,8.398397929540705,36.16165757406357,65.46691239437924
2022-03-10,11.049204750441753,42.51349855999298,67.07565720499443
2022-03-11,5.579328864855226,25.64149058362549,67.46778986523242
2022-03-12,4.454543782332732,22.42915039045759,68.68531990217267
2022-03-13,9.410604143856302,35.34493286426562,67.50744272881425
2022-03-14,8.267326994499776,41.89706315278478,69.25594846424394
2022-03-15,9.764556798456551,39.9888349375381,69.96851747511172
2022-03-16,6.916330997868781,39.32595454226437,70.92974474096896
2022-03-17,4.92936807421035,31.01263322695084,73.14368673859853
2022-03-18,6.50056216837277,30.80251523953184,72.43429460720932
2022-03-19,7.707569417933586,41.76506577724125,68.73418773748121
2022-03-20,2.8362156480776592,40.916682582639325,68.62114093191664
2022-03-21,4.5554470405981435,33.55966683077539,70.97148533375436
2022-03-22,5.394242349356891,32.584949573725325,74.2315687248026
2022-03-23,3.908166447783864,27.49537311963264,76.57416163692584
2022-03-24,5.495103432468339,32.596819982580094,75.16533361288786
2022-03-25,11.213151174735849,38.84398400343204,73.32039166773495
2022-03-26,17.34300687233683,42.77269646548788,70.75747782064089
2022-03-27,14.154839372181932,44.069389584073456,68.75844138163555
2022-03-28,4.496397883460629,51.321158994645714,65.14848346300163
2022-03-29,3.727237010420819,50.06531567344151,65.93720841639193
2022-03-30,8.392564499530216,48.44027062719165,67.76971818887803
2022-03-31,11.959432017067858,50.29038169116637,67.18519840094542
2022-04-01,15.707756828814118,48.28930584031177,68.42087279181058
2022-04-02,16.336946161728267,50.61721415796586,67.0273066702967
2022-04-03,10.52529646035598,49.30013223582584,68.0275733452748
2022-04-04,16.701698146252888,47.32739513629207,68.80927086170576
2022-04-05,11.79027435114604,43.92568466901926,72.19058393378049
2022-04-06,9.635005630358007,40.63012797496483,76.68716633555663
2022-04-07,7.015036171910665,28.073639574449736,81.01200090569785
2022-04-08,4.386042214825098,17.881926441396065,83.73912149335094
2022-04-09,8.080388868088377,31.162766066066418,78.92590737045876
2022-04-10,13.03628417278816,44.01630805523235,72.17116930287122
2022-04-11,10.101638861800476,46.17787503691591,69.36844181452098
2022-04-12,2.0732204465554114,29.038138159521857,66.19659431105447
2022-04-13,3.5929817247430584,21.32816723750657,67.31176405007533
2022-04-14,5.416053802207759,35.17628163261713,67.70367484911463
2022-04-15,5.957114126527646,42.12079165290035,68.41611530678749
2022-04-16,4.475503086109748,47.05396854760584,68.17302234924729
2022-04-17,6.226235107080643,45.61125425700707,69.69764198267248
2022-04-18,7.559119400878986,43.1435207310453,70.61253802926575
2022-04-19,5.063021712447774,41.5854392897564,70.91128325141055
2022-04-20,4.274501163642391,45.3794743900525,69.12153002694417
2022-04-21,4.105157813650867,44.91423274702041,66.91780007177921
2022-04-22,3.846085583425398,48.05908566002362,66.72351466101232
2022-04-23,4.5561943926119675,41.80151325016703,68.5611797354069
2022-04-24,4.536134143061501,27.971330944197696,74.6124869403992
2022-04-25,5.69773645149255,23.32271195073083,76.61080242331255
2022-04-26,9.683414231393137,31.831180988725215,74.46992821322628
2022-04-27,15.444245959320927,42.53463360296715,71.07246521635295
2022-04-28,13.921153611123438,44.872605712766784,69.12155803704064
2022-04-29,13.75667191741642,42.34981105496867,69.49286945165436
2022-04-30,14.069075464480315,41.13945323106298,72.1043749927447
2022-05-01,14.231981052351944,43.61360525509328,71.43794642611329
2022-05-02,14.71606273914071,45.08377026115622,71.61397060273764
2022-05-03,12.487850450776282,45.56007691032945,71.22736238813881
2022-05-04,14.797977374537052,44.01332665473063,73.0389158173165
2022-05-05,15.777056833930155,43.71183431772437,73.5046324505377
2022-05-06,14.772459021315886,41.866108645032526,73.84788627517864
2022-05-07,9.92514364261982,44.89950792650738,73.49756138018927
2022-05-08,6.842193797458102,44.79469605889006,70.6030028439646
2022-05-09,4.348155190397567,36.85450415277577,68.68060337235455
2022-05-10,3.4792195520051483,34.86125000596457,67.80653228336232
2022-05-11,2.550671673162241,32.16507024740598,67.46890896814135
2022-05-12,3.2170648581523715,24.813235443136495,72.60544078837235
2022-05-13,4.187362244501343,24.40208552882598,77.7305281661499
2022-05-14,6.4377935459664,26.27350603342596,80.85412875285799
2022-05-15,7.444357343741506,32.28535907422188,78.26251741096
2022-05-16,12.980400274934242,42.60078899233896,74.58582678711603
2022-05-17,11.829230206240997,45.31463251957761,72.16260407584195
2022-05-18,16.122422828255353,45.91282645023976,72.99284673268546
2022-05-19,21.34581025595192,49.016032154438896,71.88103291675976
2022-05-20,8.604071545362887,51.41866962253505,70.04562499229664
2022-05-21,6.201040180938111,48.0819332257653,71.75299848108769
2022-05-22,8.433859857661364,45.72998259809183,71.50699775369874
2022-05-23,15.744775948608432,47.02404123425611,71.17335236030056
2022-05-24,21.389195117875303,45.364537699766096,74.6086533404714
2022-05-25,24.401082013918476,45.831366721010056,75.65571659602718
2022-05-26,18.06321715580041,46.11261341531814,74.9789054355442
2022-05-27,9.656087480484205,44.175387778746185,73.30707138936705
2022-05-28,8.974893061909459,48.04506652092489,71.14396358597564
2022-05-29,6.8360665829454925,45.31190325372713,72.83741489972608
2022-05-30,7.457359879686822,43.053966165048976,73.75052734998057
2022-05-31,7.752056598372642,42.409542257678375,74.237993380205
2022-06-01,8.02067817161051,41.75031651580945,76.80672091528403
2022-06-02,10.253787805949765,45.48076537486268,76.35815637980124
2022-06-03,16.297100794462807,47.95398192462294,74.6578222863097
2022-06-04,11.686280747360824,48.79259600352645,73.76873698400027
2022-06-05,9.244477650188,46.26140768607559,75.62620949463488
2022-06-06,6.979526569619918,47.047215125476654,77.6878061936713
2022-06-07,12.95414306040886,47.88012807535871,77.74133487028486
2022-06-08,18.645887384162624,47.6819020771668,77.86326682224941
2022-06-09,22.36215663236928,46.91635943940896,78.59676801940373
2022-06-10,24.479907767376293,45.79693270384626,79.9574377675422
2022-06-11,17.029803873938196,44.60084426711243,79.80826270501531
2022-06-12,17.18769954887028,44.304270326775814,78.69533209779814
2022-06-13,9.89897720169109,47.76325640914886,77.13301438048948
2022-06-14,8.519568268472565,45.47311794069216,77.50937955265258
2022-06-15,13.217089406934958,45.88176447708577,78.36450151077912
2022-06-16,18.32765671141949,47.821395629986185,78.36799828470498
2022-06-17,12.88773849234036,47.16621041289568,75.94478436362347
2022-06-18,5.16905243516733,41.44259197427308,74.48225534328573
2022-06-19,5.084346440036288,38.54359515777252,75.81611759888713
2022-06-20,6.008514674433446,32.34100961174638,80.65555967962845
2022-06-21,7.451238985691481,36.65902435187695,81.08466914863044
2022-06-22,9.573909090383347,42.69233357360164,79.2465616252477
2022-06-23,9.777749850009844,40.54315122059872,81.00659330197601
2022-06-24,11.953664134305932,38.93181255984463,80.39752786491181
2022-06-25,13.214976854606832,39.47116293590123,79.79647886336477
2022-06-26,14.707814856142878,40.34887883127577,80.74519933338733
2022-06-27,12.346726644663418,38.86630758091787,82.18716206314427
2022-06-28,13.083847040923512,37.748321272192406,83.06987593309906
2022-06-29,13.114318687511064,40.02300376144214,81.99439729433404
2022-06-30,17.36306977636739,42.859070059054616,81.05776966936044
2022-07-01,14.151800916410563,42.6191225637244,80.19995287094109
2022-07-02,9.264658105211096,42.20855069290745,78.74364204876728
2022-07-03,8.276463618990313,43.17607284963899,76.77378344684453
2022-07-04,8.77479166728074,43.449093498672,76.34381072328836
2022-07-05,36.61531503085583,44.48945680171474,77.34593946805752
2022-07-06,4.737224549347523,46.68748502993408,77.7951573086
2022-07-07,3.599620266567499,44.005137560675976,78.92940595025318
2022-07-08,8.84412965344767,44.92714394156092,78.55458385101714
2022-07-09,12.621148024289296,44.16718134168749,79.01836077276448
2022-07-10,8.452551133937332,41.939574933522515,80.31263129368749
2022-07-11,11.873939898828889,44.01918578687564,78.96026467910235
2022-07-12,14.470747976605036,45.591361071384505,77.12921043827632
2022-07-13,11.684316023751643,45.619584790572446,76.94039068969794
2022-07-14,7.808207605343431,45.06134913451736,78.2249258187636
2022-07-15,11.72582583815472,45.42634455759739,79.7316613649284
2022-07-16,14.098151766470936,44.468433722498645,80.59331969990909
2022-07-17,12.864021265171138,44.03799136211311,81.33595267909547
2022-07-18,9.02586528972887,42.80592502868067,82.39468022665447
2022-07-19,8.185009104755828,39.29730111135145,81.77938797516728
2022-07-20,9.06443062346387,39.18403813031103,81.65958219205513
2022-07-21,8.87615309493155,39.85450908707019,80.78999296366237
2022-07-22,13.168123722092655,44.41121503545054,79.64198909565252
2022-07-23,15.289276364393649,46.14736934253838,79.40897273187856
2022-07-24,16.76853174480667,47.74423825380521,78.969670454042
2022-07-25,13.869826510374583,46.95655924378493,79.07774329529559
2022-07-26,13.646665417525533,46.54168089228885,78.46316374906435
2022-07-27,11.086575147283064,45.28198452139239,78.19392418753878
2022-07-28,8.288264008500024,44.16931805321114,78.83683789339092
2022-07-29,7.695302415622375,43.61074978974082,80.2354432930364
2022-07-30,8.91101076317762,45.834228864712365,79.93366726191226
2022-07-31,8.004498390635707,42.23403090159445,82.1495183535534
2022-08-01,6.964079727216045,40.65730324382462,82.33329944783151
2022-08-02,6.793534898699891,43.860015454592975,80.78814269739424
2022-08-03,7.92000704067318,43.84805728713123,80.57410839618007
2022-08-04,10.449765898277043,45.5757360067099,80.11439646164975
2022-08-05,7.240886020772479,41.44688153625849,81.53410550497614
2022-08-06,4.706493989343455,41.38197476756708,81.31526955478411
2022-08-07,4.955000550684571,35.73784912965755,82.7815513005911
2022-08-08,6.488730529470097,38.4212712706024,83.61308453959474
2022-08-09,6.047018521212359,34.52540655364977,85.20880007546886
2022-08-10,5.738431405367602,34.3764942096613,84.66287576745
2022-08-11,5.474891609739402,34.06153067182227,83.74531476072431
2022-08-12,6.111702580025017,35.729137997575826,82.77152991533515
2022-08-13,7.128595607346534,35.10548369363416,83.77559527224811
2022-08-14,8.132909001709747,35.745072141772944,83.25772199499312
2022-08-15,8.8542474540382,36.51876644869165,82.42948847093206
2022-08-16,8.759627891564822,37.34947647004154,82.25643754820283
2022-08-17,8.060968834929087,38.704443347345105,82.07024910974675
2022-08-18,8.850796006628077,41.26335165179148,79.54962767397927
2022-08-19,11.20986025655302,42.25157902007681,79.02175650029943
2022-08-20,14.120980678613655,46.20931588390609,79.21636634580264
2022-08-21,15.28557322709693,47.84150244904063,78.82747816552212
2022-08-22,13.56395375017556,49.28829399746056,78.16858388447064
2022-08-23,17.417231917863056,46.89750598951811,79.4037821572645
2022-08-24,14.58178595728315,46.78851538335223,80.68208347501377
2022-08-25,9.738782284722992,45.20910463745579,81.75965832798863
2022-08-26,13.173206661663608,46.098173631271344,80.2175894537776
2022-08-27,10.50360995165578,46.36584465932992,79.23645092120621
2022-08-28,10.537172332171846,46.82101967938596,78.69970576919712
2022-08-29,10.86603730182281,46.41664979334748,78.3089940891312
2022-08-30,14.550650497860357,40.966240112601064,80.71464796028245
2022-08-31,12.60493212693991,32.75355392107835,85.12417467239094
2022-09-01,14.076976880782349,32.244740498717825,88.07563322154817
2022-09-02,13.50418971577489,38.250187746634346,86.6568977574551
2022-09-03,11.607863168795886,35.922198533910674,88.1354291514002
2022-09-04,9.06064390913262,32.33230826521367,89.97589792194113
2022-09-05,10.07488083624567,39.26459489208949,88.46169466927734
2022-09-06,8.48043377564859,41.30041186189984,87.1027835509485
2022-09-07,8.887465476487304,40.184505468458504,86.97701521709413
2022-09-08,9.1762139805996,37.57391626354333,86.45418285665406
2022-09-09,6.640971169286705,35.78007852392633,87.4969440403624
2022-09-10,7.461733945506619,54.716121306830075,79.92340935131209
2022-09-11,4.982128789872242,48.276792766130626,83.43601196677845
2022-09-12,4.461759379185468,48.34732784751492,82.11373920774705
2022-09-13,12.44586761509055,46.58783926527859,80.69167426922378
2022-09-14,10.801972435460907,47.19734082654898,78.62225837403511
2022-09-15,9.93596217500814,46.3368149507263,77.42049545792325
2022-09-16,14.6163223315364,46.45339052760867,77.06635128337814
2022-09-17,15.23881364163842,47.96962249169506,75.9048494703746
2022-09-18,9.942943062458951,46.61464429241587,76.13488991973115
2022-09-19,4.619198542184692,46.112504564313625,75.33813196361574
2022-09-20,3.061327562415418,47.386332768485126,76.65335503298904
2022-09-21,2.1851859844118904,43.075307159258166,75.98899449657864
2022-09-22,3.245716251441822,39.461590927402256,77.29563817712764
2022-09-23,4.88467834424667,37.5515661315126,78.95258970982208
2022-09-24,5.882952324928904,37.43554118475089,80.67060778762334
2022-09-25,7.689999817557736,37.51038340337856,80.88729848688116
2022-09-26,7.860589247351379,38.47304965128102,81.23888609859509
2022-09-27,8.781144006373335,39.01637590630265,82.25142504863813
2022-09-28,10.784709066051914,40.34142480759982,82.17523803599833
2022-09-29,14.846887980530015,46.11084148046104,79.39961114474333
2022-09-30,12.492081934673624,47.88249237006371,77.07765743380143
2022-10-01,7.627887098790465,45.849719748956446,75.54628512556657
2022-10-02,11.65073804302358,46.199805971948656,75.70973106827785
2022-10-03,9.018622370915418,47.8139291315292,75.50878378685711
2022-10-04,10.763608068101638,47.049571968831906,76.94173105566306
2022-10-05,19.59000617170616,48.88791395016867,77.05821672497214
2022-10-06,27.57150778450028,50.055356990651006,76.61834311143495
2022-10-07,27.58073206815309,49.17922813630514,77.37941716765113
2022-10-08,27.07086568852639,49.2388245866043,77.0826069024724
2022-10-09,22.41536134639488,49.42528781621079,76.39640577937955
2022-10-10,21.956409006337005,50.39550731165701,74.78095190897722
2022-10-11,19.650437393573352,50.66228165104595,75.03331375242081
2022-10-12,17.863052514278476,52.299224707656975,74.92665209750871
2022-10-13,24.94068617102429,52.413204201736335,74.32932494599262
2022-10-14,22.16308669637693,53.54564309900696,73.14961431286477
2022-10-15,9.484852131115147,55.99422199676183,71.81655346826182
2022-10-16,8.82581658112047,53.100184074224735,71.85576778717727
2022-10-17,11.218457205492562,49.69555695136113,73.0358803366673
2022-10-18,11.341472882962922,43.63816033986351,76.72227056011717
2022-10-19,6.305081347278869,32.67663437435751,80.26787646152997
2022-10-20,5.732025712176583,31.06697755904588,80.09636461038146
2022-10-21,15.96181952987652,46.6858743518209,75.77596283981113
2022-10-22,15.627945789962338,50.26634218007804,72.35591560248112
2022-10-23,5.732377679247945,45.97529886335622,70.32807284418618
2022-10-24,3.0982048544366507,32.67368159928733,69.79386345211834
2022-10-25,3.38800161160717,29.763384764607643,69.74956496585672
2022-10-26,4.733220143704849,40.4500614326515,68.94615202622482
2022-10-27,7.64086753749097,44.47476900758937,69.06744304370355
2022-10-28,10.461415987113345,41.130267786822806,69.81051124042239
2022-10-29,10.27030395400404,39.38442179052152,69.5927258527264
2022-10-30,9.72651085601706,35.032268331785346,71.06008954317552
2022-10-31,11.080608133065796,36.2118062385627,70.88783242960079
2022-11-01,15.863672514827568,48.07954361096952,70.18607438006917
2022-11-02,5.34234013726847,49.01861340395367,67.21290500722947
2022-11-03,2.0481345777236433,36.57412897081946,63.23581856303436
2022-11-04,3.288874185042431,31.03476447242643,63.73335168124099
2022-11-05,8.1805655834035,36.16723858367737,65.32387490903668
2022-11-06,10.700368834388645,43.23942477616868,66.21378702726585
2022-11-07,11.00784937557038,58.439275564111234,65.5107499496656
2022-11-08,3.791996472280989,59.28814085100336,64.18217565715932
2022-11-09,2.1225842198645917,50.3096738862513,62.68553316908581
2022-11-10,4.613545553059586,40.55294341130615,62.71608986522735
2022-11-11,5.355528226135199,32.85868258847451,64.05862327822884
2022-11-12,7.834187013939451,32.84745861372752,63.70878425466185
2022-11-13,9.887270989096525,38.62875823761789,63.36969071228841
2022-11-14,7.76729018365728,35.61508982280192,64.1993831259643
2022-11-15,8.26404429484854,33.9995406277231,64.7573439117125
2022-11-16,5.9863742233759405,23.360592726396938,66.97054571921716
2022-11-17,4.491666416658956,23.90635961389867,65.85790225700173
2022-11-18,9.896408115235696,33.885047773565915,64.33576506065342
2022-11-19,10.026403041971362,26.66813409597226,66.19866284120907
2022-11-20,5.389530538539127,19.571740764034608,66.53928431346874
2022-11-21,4.488248515562584,21.223777872187863,66.33117538389267
2022-11-22,5.714203245653237,23.643629289759097,65.67877350781514
2022-11-23,14.316365298943335,29.438917603769777,64.78214539700724
2022-11-24,16.501804500884898,26.826510960937465,66.76713575112382
2022-11-25,6.722191641481604,21.489112011293717,66.62644129624111
2022-11-26,9.295764340934348,30.223503010009605,64.67443997129801
2022-11-27,16.491884938308814,38.71008685685843,64.73405273026462
2022-11-28,21.505906263116128,48.03741276152169,64.71596913389638
2022-11-29,12.418650303223496,46.60323059657375,64.11021710923355
2022-11-30,10.55332321449458,47.655225473505425,62.864486759192104
2022-12-01,3.80008637599437,45.02350047258117,62.624201423682834
2022-12-02,5.456125547932679,55.04209858829328,61.96381599704634
2022-12-03,7.415237647048509,52.36892052060862,65.69858806254085
2022-12-04,9.84964350217336,55.77722755628985,64.36178667051988
2022-12-05,5.912560107391627,51.76327555449792,64.21174020537428
2022-12-06,5.44208145278698,49.53889579223057,61.17259181800255
2022-12-07,7.243516607125972,48.1887009764144,60.11063974174036
2022-12-08,7.876103997513777,45.46876765191557,59.30003473141027
2022-12-09,10.77701000114334,44.48248859755081,59.48279483696243
2022-12-10,14.224401528733436,49.16864674770378,60.714033011824064
2022-12-11,2.885161809298776,54.222844827311405,61.51833990256379
2022-12-12,3.569501052279639,50.19709986367509,57.69210230979218
2022-12-13,9.065080049159343,44.238132289348286,58.759891286035646
2022-12-14,11.862924185919685,42.81001524870041,59.000910091386
2022-12-15,13.128688342663796,41.72734904382081,60.48800765736196
2022-12-16,8.470990460828846,33.96307065998622,62.88360167699267
2022-12-17,6.243504502753427,28.460375678675064,61.09247974298846
2022-12-18,11.813080839365208,31.92812563524918,60.68716854937345
2022-12-19,21.499794414016275,36.78672236842536,60.01078803786415
2022-12-20,13.679028873855328,35.67770914450966,61.77358489298161
2022-12-21,14.257226379793511,35.768700179994376,63.82581706355184
2022-12-22,14.951148670847358,37.292676928096256,64.29929020485825
2022-12-23,24.14325166655801,42.435848816230994,64.06395753132065
2022-12-24,18.357314147159062,38.57880300303286,66.38335695528389
2022-12-25,11.110634370911214,30.43692817579272,69.77619009576493
2022-12-26,8.060960732833616,31.729557342229025,69.33757214694342
2022-12-27,14.940946859956137,45.26633460975896,65.27340500979668
2022-12-28,13.590460674742925,54.06718620674618,64.14628983875329
2022-12-29,5.978669536786285,54.27699708532894,63.33602101571668
2022-12-30,8.694791286123644,56.3111955285073,64.04285247326517
2022-12-31,6.1838485469035165,62.31255049133396,63.91542942874073
2023-01-01,3.1416282381429395,54.71733269857605,62.49465824838461
2023-01-02,5.587807290773185,46.51481277217251,59.32803821538235
2023-01-03,4.0734681994905735,58.73281254019018,60.38210486026095
2023-01-04,4.7720664509588655,63.75412297436326,63.69595327056383
2023-01-05,3.3208729704882165,60.58421000344291,63.454326188885055
2023-01-06,5.600327918767925,51.82259519705391,61.64239398016227
2023-01-07,6.2936637046748185,43.83141006697108,62.90796413817467
2023-01-08,13.517132355487329,45.02685171808081,63.43948249295961
2023-01-09,6.522050768207231,57.6360186799562,62.89256332206315
2023-01-10,2.629533240810162,62.56644094595939,63.58264263599551
2023-01-11,5.439684619825908,54.10565799119217,61.64728313254854
2023-01-12,3.984349007723783,44.59174533149391,64.88931635977848
2023-01-13,5.882574814032691,41.65833221003722,64.80640836287985
2023-01-14,12.35806343686872,56.377026127579,61.562393768566125
2023-01-15,4.323173676587024,58.01380005127798,62.459780272128384
2023-01-16,2.196498827662966,56.556366745779385,61.49887976925584
2023-01-17,1.9089109264588149,44.75445243382191,60.39411608491346
2023-01-18,4.1689319736730335,43.491009849403206,60.50067106241124
2023-01-19,8.032822261217914,48.72998774195933,60.32015337563993
2023-01-20,7.3636458582203215,42.88627295139803,61.01642615572746
2023-01-21,8.17388521294432,38.705588175527126,61.1408403590771
2023-01-22,13.131617894099668,38.38865149041239,60.67729487634004
2023-01-23,3.0849477569210983,25.293120687554968,62.73119996788287
2023-01-24,4.850871249130754,31.76646987927592,62.27986393047631
2023-01-25,8.175170059582072,33.407469794849675,63.65144449553923
2023-01-26,5.11336983190589,28.294077884994685,65.16935942680972
2023-01-27,6.036270953334862,30.475768550716612,64.17530510428602
2023-01-28,13.085820979436376,42.59199652784719,62.307809386704875
2023-01-29,6.1543030896688276,47.762703794660915,62.11671482259313
2023-01-30,3.3062954996621277,51.77821511742242,60.329056233594095
2023-01-31,5.750431663122303,33.359716507657566,61.90498038355066
2023-02-01,4.852813739332242,27.324851039192797,61.970681981977854
2023-02-02,7.63989750047192,31.48885785812045,62.74820546554978
2023-02-03,7.427919161164797,32.32516040833131,64.99382936480518
2023-02-04,11.90922145361395,36.37883983733048,64.61798765501217
2023-02-05,11.553939595597388,48.54697606847524,64.96008340853291
2023-02-06,5.390151769836006,41.15096817286103,63.07214009672069
2023-02-07,2.6977056936934116,29.024169693336457,64.8730132061571
2023-02-08,5.573765336606584,31.45505472085871,65.55729525442474
2023-02-09,6.3210137785845815,29.291488001588196,67.96296184525345
2023-02-10,3.2089535701841676,22.027046065822173,68.17601396939675
2023-02-11,4.927293550386355,38.04954791805893,62.99299431614317
2023-02-12,6.096482530405491,44.74414397364651,60.04729703676299
2023-02-13,6.319344130175796,46.96030279836685,61.446895048071575
2023-02-14,4.891381802585379,43.358912585936075,61.71546147794954
2023-02-15,1.592789346591017,25.925563699040744,59.231515026315975
2023-02-16,3.476584327452887,24.83253080248761,59.164267103986965
2023-02-17,3.6048369741936224,21.49014292329432,61.62531989015461
2023-02-18,6.414522802441483,24.655017500738104,61.927304125353224
2023-02-19,13.042723387922775,31.670939166571394,61.98643286490817
2023-02-20,10.314821014759357,33.43523654628217,64.84255490456908
2023-02-21,9.785803082576813,42.497699188067074,63.63820130867889
2023-02-22,2.0964628860721386,35.99020498768184,57.58952148459224
2023-02-23,1.7754070003239966,46.18872719998866,56.07782350602254
2023-02-24,3.2247593857793366,59.097112368530105,56.736323251075675
2023-02-25,2.429647723279774,59.08970243145986,56.82047082846335
2023-02-26,6.078782394898629,49.98611311364199,56.85928717393461
2023-02-27,6.269227225048132,54.50555188070298,57.78143637014332
2023-02-28,3.510140400687109,51.39270451181279,59.57960128210676
2023-03-01,1.173999404965516,45.778041944304256,58.1864307310054
2023-03-02,2.8887584460468965,34.38922255440176,60.25748141343403
2023-03-03,8.661216999884997,44.57549239067354,60.5719666197232
2023-03-04,11.240785621803854,48.21951627008478,60.578594962917016
2023-03-05,7.073577428006895,48.61241842323101,61.16829269483364
2023-03-06,2.351558056813088,47.00059366423636,61.975526941588704
2023-03-07,3.37712376004936,43.189806837224566,61.165332580513805
2023-03-08,5.08156206854305,44.42477414712183,61.01376353017399
2023-03-09,6.949339135667597,42.32499336765302,63.7509565552946
2023-03-10,4.460046324476466,56.47048641279127,61.843203626905485
2023-03-11,5.331134529834437,61.68838106382879,65.61347642042347
2023-03-12,5.277334155942509,56.85086806755832,66.75193555402332
2023-03-13,8.81326826207549,54.16871965611867,66.5950013932132
2023-03-14,13.93311479850534,60.680935494587786,64.58060789593466
2023-03-15,2.7091465362441336,61.96050793705218,64.730702575892
2023-03-16,5.886906505540312,52.93018233520244,64.00465106726055
2023-03-17,11.748867770605054,49.46527247098589,64.08749606655486
2023-03-18,6.980601553186569,36.865062676339655,67.00897791095626
2023-03-19,8.673367735499557,44.06250723301709,65.46481284002395
2023-03-20,6.313713886331704,55.413260832646394,64.23178937443475
2023-03-21,2.6724095736065507,57.7326153324052,60.17083896649187
2023-03-22,2.7483071755631143,56.26732562751773,59.307104727890014
2023-03-23,4.852976558502261,52.3609090133321,62.11838302683049
2023-03-24,2.7786995666978753,40.2546057764368,63.928326277210246
2023-03-25,3.747807708018337,34.43581754107664,62.792213162044334
2023-03-26,5.432461834823106,28.11429710230894,62.75991703962615
2023-03-27,5.855429293194605,27.174374954454336,64.69863903991188
2023-03-28,5.0069506694050885,28.73933031510833,66.28385234380741
2023-03-29,3.5790894462935787,47.74870854829763,62.05338597868329
2023-03-30,1.938347318659595,49.10811021152642,59.89999862371417
2023-03-31,6.34120659552638,46.07876422394421,61.43767086797413
2023-04-01,5.841058103126599,41.74809872614952,65.28651394438401
2023-04-02,10.701720644472324,45.44637628972372,64.91588462003784
2023-04-03,3.0833141700060693,40.60328596323463,63.58344022445742
2023-04-04,1.0276442596273403,26.60813889495815,60.99667837546256
2023-04-05,3.8270796838360073,30.690071991218403,63.448765922894886
2023-04-06,4.827793910840134,28.495195914645183,66.2172238254132
2023-04-07,6.434518612726582,33.513425859323725,67.26569979605003
2023-04-08,7.025166177568911,44.925934357562966,66.28844293194186
2023-04-09,14.85989312747331,47.75149410097126,68.36028170972881
2023-04-10,17.87948047220602,47.133294306724586,69.3361597432011
2023-04-11,27.48447214334279,49.62110668946648,67.99389357648431
2023-04-12,20.081805273889454,54.168052791493594,64.91118852093524
2023-04-13,7.58575528513869,55.74157051100863,62.87173587290189
2023-04-14,7.061797470106042,50.89614367811721,63.532469411851295
2023-04-15,9.23157440618748,46.959706900152554,65.25309895171037
2023-04-16,11.3672820452476,49.141886655592614,65.0257548871082
2023-04-17,17.798603903694225,50.205370484929894,65.1316684450135
2023-04-18,11.204037538402597,47.13550673771858,66.11311619027882
2023-04-19,5.552100038980239,39.715016143993445,65.14468553241986
2023-04-20,6.155347196313038,32.42623208886776,69.24804867768451
2023-04-21,6.348673162558855,27.647349972035705,74.55175814274985
2023-04-22,7.544961464943034,32.75029704614837,75.21983191294592
2023-04-23,10.721705189133488,44.67364530805943,71.07001769155244
2023-04-24,15.27623765479863,49.204208481526585,69.10665615436123
2023-04-25,17.699720364537523,48.51348024137788,68.87718378984512
2023-04-26,16.231861903701457,47.685950662577845,69.37647885392943
2023-04-27,22.01322172414576,47.46593458703888,69.85411839162605
2023-04-28,25.04248034891136,48.331679935431275,68.84065332811267
2023-04-29,23.315180913144044,51.43677044675084,68.82573703253848
2023-04-30,25.310033199392112,51.06901200879477,71.77740005440177
2023-05-01,6.656587613384427,51.78118782524862,69.74800360255404
2023-05-02,1.780798330670331,45.133045689140765,67.94038646616471
2023-05-03,1.987133778790236,43.44286654108697,67.21881984688038
2023-05-04,1.2731325284269046,50.80360436282539,66.98024891649548
2023-05-05,1.7765748305739164,47.15217901855779,68.80626639800958
2023-05-06,2.626915576505896,44.561940410164546,69.24425507269976
2023-05-07,3.732395637285369,45.17439857263228,70.64441909992655
2023-05-08,6.58622915477615,46.662529745318295,71.99156196554787
2023-05-09,6.485273535133545,49.983901220051855,69.67214207893537
2023-05-10,4.1393769164700585,46.36671565572762,70.2280304445619
2023-05-11,7.954937145366859,46.76703821165234,71.49942065353979
2023-05-12,12.068862280870608,47.27471678236987,72.83598451562841
2023-05-13,22.60784959288334,48.04477272689653,74.93583104949951
2023-05-14,23.530698362356084,49.618374945030006,75.28106262076021
2023-05-15,24.98602965882385,49.73770660124355,75.28351101097407
2023-05-16,19.65758033982821,49.28926353060782,75.25741664451286
2023-05-17,20.64716347909114,49.58482570497688,74.9122545057988
2023-05-18,23.921942897997553,50.07173408866036,74.98756357498286
2023-05-19,24.413744297922747,52.66900690186379,73.7448223996879
2023-05-20,24.438860493482128,50.92835348977845,76.0897937439254
2023-05-21,17.27660813587544,51.278571711783826,75.83862478146834
2023-05-22,19.12811242838639,53.05938253658463,74.92537262003408
2023-05-23,10.626873368746962,56.54420396103248,72.1825230393935
2023-05-24,8.86546277997473,53.20118383034395,71.68768238084729
2023-05-25,5.363680554752723,48.801339285942845,71.3560779239416
2023-05-26,4.915977765902796,48.89827195179618,71.14124036998578
2023-05-27,7.010851652735916,48.67672535271679,72.62890937268857
2023-05-28,12.996207642341387,52.43935918765481,71.6110701576751
2023-05-29,9.955800177127044,52.35077637954147,72.97168152737508
2023-05-30,5.52394189281362,49.8975835408028,72.07162599248299
2023-05-31,3.5959868032603155,50.70182342520496,71.03356992852403
2023-06-01,8.393803207871686,52.4506008250706,71.39453687675383
2023-06-02,8.88663181055119,48.73518232545237,74.09982367964713
2023-06-03,11.77380375787605,48.37166673933296,74.33509198092267
2023-06-04,18.803493054676014,50.937281037855726,74.10042270664192
2023-06-05,10.654092977055862,51.97746054458264,71.49838741040429
2023-06-06,5.868989781514985,46.39879820621984,71.71850328973815
2023-06-07,3.762433772065304,49.21129271558712,72.5436616223108
2023-06-08,6.513982038728719,49.0341835166474,73.11030457328175
2023-06-09,10.47040410384844,51.35053397756861,72.70042605744888
2023-06-10,13.069604791734118,52.36826039911786,72.65817243853799
2023-06-11,5.459826090332006,54.2183505262919,72.97968772425592
2023-06-12,5.764536463835324,52.4177783229084,73.83487069215289
2023-06-13,6.402574248181948,50.588291597426625,74.67640333737644
2023-06-14,14.018243228441362,53.97008425491536,72.93967423482371
2023-06-15,10.801448392781598,54.34762606715327,74.18102256587338
2023-06-16,13.445703956165692,52.86593791298835,76.42367838688163
2023-06-17,14.34903881728244,50.44376161263253,78.90020698445632
2023-06-18,15.626986800834546,52.919348651526505,76.39781646984075
2023-06-19,10.855414540482588,52.27592244959504,75.00540106146414
2023-06-20,7.303811780242277,47.04931379092409,77.03267806826959
2023-06-21,5.6298326338564335,43.89095059509453,77.69101672808752
2023-06-22,7.899786254404692,46.488327800926754,74.88116001551036
2023-06-23,7.017952983146113,44.81614851649952,74.6621168803083
2023-06-24,6.591265855452105,45.554381684827824,75.90350529558258
2023-06-25,11.00762027191012,46.1870268678366,75.79704517249144
2023-06-26,9.45345318226334,45.95712692847813,76.54300662184312
2023-06-27,11.93248815184652,46.40915033116612,77.48383753642855
2023-06-28,12.536363933217704,48.38452576386644,76.4031485633703
2023-06-29,15.126512061142453,47.85221506835755,77.95285157774947
2023-06-30,20.62358325876218,48.43039401097523,79.36239279874255
2023-07-01,22.698949310903252,47.78865787024886,81.14474881795475
2023-07-02,21.100322095444387,48.42247593062536,81.21120494960553
2023-07-03,20.12491883004926,48.20638378401045,80.44087044357046
2023-07-04,19.54039284498936,46.71728502536507,79.42063683456664
2023-07-05,45.077308918912166,45.477867344425654,79.15297081350961
2023-07-06,17.87156144904029,46.35845915517769,78.15473545515137
2023-07-07,13.965548809556456,46.47547633161414,78.45710640617109
2023-07-08,14.77165006863724,46.97679660980341,78.93098727208262
2023-07-09,16.05371678011212,47.54508869511605,79.24030509023812
2023-07-10,8.668376683322485,43.91395346198671,81.31751296717242
2023-07-11,12.240463648504743,41.67815671063714,83.06960254560762
2023-07-12,8.394636288375965,34.6575276167643,85.51548324258395
2023-07-13,5.08503533033043,33.91782097796947,86.25640541491322
2023-07-14,6.1299358456991655,36.86527322297902,85.71540073395886
2023-07-15,11.716031659141043,41.932618228619056,84.84959024315103
2023-07-16,14.483521189977743,45.142145367046936,85.02741263405369
2023-07-17,15.212195350733056,44.702874825748175,85.98207982481814
2023-07-18,11.038960164464042,42.685942221183815,86.1443482130411
2023-07-19,8.333645255146491,40.96352985739026,86.50502123122644
2023-07-20,11.425619635317677,39.78139629158684,87.18019655816322
2023-07-21,13.151745833215903,42.38395400449323,85.2165535845961
2023-07-22,19.89367879924875,44.767996393202026,84.31413624855207
2023-07-23,17.256195131348495,47.196152670841784,83.44636587736413
2023-07-24,15.860306803070715,45.98177139663679,86.04279536130468
2023-07-25,15.213374442512553,43.80241855588626,87.30427504093292
2023-07-26,10.0286598754938,41.09127407169304,88.4365109420063
2023-07-27,9.018731799759813,40.27973592320144,88.14234986801439
2023-07-28,13.13740264060896,45.50867030654042,85.98962004856374
2023-07-29,18.56495579324558,45.914493131663505,86.50044373406669
2023-07-30,16.89642998488915,46.07672460713762,86.44601351053267
2023-07-31,13.544247640497025,45.39290610294221,87.13838402096228
2023-08-01,13.234046604084533,44.98325945537032,86.87024377687483
2023-08-02,9.882872543829178,41.62195062962008,85.49131904603377
2023-08-03,8.088804711466844,41.40821529771769,83.09992082590598
2023-08-04,9.080704401440716,44.240296593294694,82.77524283845838
2023-08-05,10.7237029775783,45.08658104166432,84.40749923375691
2023-08-06,14.905396385378465,45.582451467232985,84.58164549927065
2023-08-07,21.4268036420093,44.03643122060842,84.39345504122194
2023-08-08,11.023887180702182,43.856776195119096,83.5395679388571
2023-08-09,11.858478195770552,49.6828013528558,83.0148588984047
2023-08-10,9.832403740366724,50.21303375407973,82.02180715691269
2023-08-11,10.347860076456664,50.71799122427499,81.91214459814967
2023-08-12,12.76321644152322,49.746047666426115,83.04141336431213
2023-08-13,11.509302286499944,49.05136943427588,83.29530119762568
2023-08-14,13.952646310797636,48.96804174945662,83.70612591219091
2023-08-15,14.228902140832936,47.23612701411894,84.879600784921
2023-08-16,8.75428035241389,44.110843724129246,86.31587461772897
2023-08-17,12.19100095103386,44.48799285393994,85.04081475033732
2023-08-18,13.0352698223113,43.84924994600195,83.63999328329108
2023-08-19,7.270717318563021,44.7437165857591,81.90046704907495
2023-08-20,5.888446009168741,56.25175652995072,81.52028283575515
2023-08-21,4.950913365957625,54.59872101108599,80.804845119994
2023-08-22,7.160199009216203,48.43375193205727,83.02552392151648
2023-08-23,9.6221587266683,46.693613904692235,84.2152855724428
2023-08-24,17.381034821664997,48.81608373400308,82.7741862327827
2023-08-25,12.19928926238038,47.863509240891375,82.17131595952621
2023-08-26,11.73790498569497,43.87620315800632,83.79711940039526
2023-08-27,13.51314608776758,38.94430709509732,86.15261150088736
2023-08-28,12.963735653176151,37.51471896164712,88.74827434857607
2023-08-29,12.904748481473527,38.09608995915671,88.94255365601548
2023-08-30,13.869003440598362,39.37022432408594,87.61831297553803
2023-08-31,15.776473040716771,46.22557138853528,85.15047815487948
2023-09-01,16.742142022321744,48.27086500743677,83.6258730813518
2023-09-02,10.921788636835595,55.714081370802134,81.81021755763318
2023-09-03,7.260999379885087,48.29588907557437,82.47602059478793
2023-09-04,10.113146160234148,48.035585416081354,80.85812849525279
2023-09-05,11.645796435675244,51.52224147244225,80.01053996565334
2023-09-06,10.972818490151996,47.50134698936682,82.68720036960809
2023-09-07,13.039553409079115,47.13134338454004,82.56843835940408
2023-09-08,10.98409906309949,42.46462442901751,85.6723609616348
2023-09-09,10.0769229588115,40.88128219907676,87.55925741545629
2023-09-10,8.326131892014805,39.88692818419979,88.42619548603962
2023-09-11,9.018171681190552,44.15229686219713,85.8502462927487
2023-09-12,7.185897859136139,45.12796953408795,84.27876205077463
2023-09-13,11.277428221712077,48.41964149084241,81.75787184935992
2023-09-14,13.618278771037383,48.62934393581773,81.52822407420585
2023-09-15,18.012350879420023,49.962237102851304,80.72014795911879
2023-09-16,17.856335291483862,52.91611488150388,79.27969582663485
2023-09-17,12.671455206713611,54.72484883100892,78.88612756092587
2023-09-18,10.52036359996882,48.83297173862639,80.5901588963905
2023-09-19,13.904240905900016,49.76304472548689,79.69746822067553
2023-09-20,13.214650506915657,49.19290279894209,79.68253096836479
2023-09-21,27.01187373547091,50.01200263760812,78.67507378630603
2023-09-22,33.44946045417993,48.93193140075854,77.26044804469095
2023-09-23,37.3719447237833,47.879929497543074,79.67440684265901
2023-09-24,39.118403205147494,48.13373301795949,80.00786094567175
2023-09-25,33.6037642406632,48.74258521296951,78.35545684491008
2023-09-26,17.153771516446017,45.54046322827089,79.88216540450267
2023-09-27,11.38395212849641,46.11935652095047,80.30328402220049
2023-09-28,14.579479723412572,50.71365007882062,79.77876086198452
2023-09-29,13.9892620677656,51.101934783131725,78.22921792974685
2023-09-30,6.230152948553615,53.3212403267464,76.0037899666683
2023-10-01,4.37774410941689,47.50930219307954,74.47888830917695
2023-10-02,6.595684841066062,47.53207790729164,74.51241610552076
2023-10-03,9.286522361842762,46.35158718327779,78.18757292620793
2023-10-04,8.827921036608817,39.89071895476612,82.13316751092631
2023-10-05,6.4410626147033145,36.57595245901048,84.85095123633278
2023-10-06,6.493146676305676,36.0634296388442,85.3838052413885
2023-10-07,10.63145708931386,41.381419106797,83.99875823596882
2023-10-08,16.00342296182613,45.04249227769709,82.53972360679397
2023-10-09,25.15276531602682,48.38591220351813,79.88781437908726
2023-10-10,12.780761255446617,50.71333520464877,77.90111242233378
2023-10-11,7.039510271253722,47.96745784201863,78.66585356716199
2023-10-12,6.850618814884144,44.67294628942423,78.005131771569
2023-10-13,9.219560033424438,46.185871193243074,78.40831063898548
2023-10-14,11.904844331835536,46.66253232151573,78.37353040343451
2023-10-15,8.343508045077769,38.060497815038424,80.96348617723238
2023-10-16,9.09528374130266,40.57244170560521,80.99729998331142
2023-10-17,9.562594725432945,48.7615531026165,77.59306222561976
