date,pm25_cf_1,humidity,temperature,pressure
2017-01-01,25.71443303058972,54.92944889644924,59.43311457140957,59.43321761065838
2017-01-02,7.568053835032974,53.61831942287633,61.7235963670565,61.72610959523889
2017-01-03,18.169412182781493,52.46052375418619,62.95632766818546,62.95428489099542
2017-01-04,21.87517247372564,51.5064224953826,63.944057257268156,63.9431348797656
2017-01-05,16.6506204677997,65.33555914715197,65.90194107861538,65.89993598415045
2017-01-06,6.5276088204941525,52.095463887170695,65.67350013526847,65.67288945370976
2017-01-07,9.225567877098026,43.376213262995556,66.51144857974415,66.51227087737924
2017-01-08,16.496864023114238,42.527193029753285,69.9902840595736,69.98722182706176
2017-01-09,15.247004006900005,60.50839283132105,66.92377336821953,66.92589267133415
2017-01-10,14.732931878926067,65.64871758566368,64.04367639740973,64.0413836991267
2017-01-11,3.650930123445106,60.652970758852774,66.95226917411875,66.94901430318285
2017-01-12,4.774159599841174,64.93467349804848,63.251757952834204,63.24860401368085
2017-01-13,6.16767577175212,56.50532453101932,62.585474487127776,62.58985996708993
2017-01-14,10.155034811546058,44.43973600355367,66.13039940774213,66.12932882779451
2017-01-15,14.538415975242957,52.763294969251255,65.48597125732307,65.48531361713665
2017-01-16,15.269044704304546,49.061322398597675,65.73900279886722,65.7451602017638
2017-01-17,14.62999344440548,42.397976207892206,63.705326982769655,63.701528264514785
2017-01-18,21.14441362492265,52.36284502144107,61.88969233780802,61.898525497874715
2017-01-19,9.883567971390422,58.17012067536462,64.48615083809669,64.48443955689376
2017-01-20,2.240364413278507,63.93234391305478,61.48181198961362,61.47395074250728
2017-01-21,1.552611260966252,51.196043771554265,61.58854333890931,61.5971901017024
2017-01-22,3.726103973321402,66.9633161642556,59.615080342073135,59.610672941495174
2017-01-23,1.484780140904972,60.04731719505366,59.04550649844588,59.03918206296486
2017-01-24,6.118841331646225,52.70938968164791,58.042350195785076,58.037878236492425
2017-01-25,12.297190707430497,48.778497823863674,59.692102801786596,59.69660684730346
2017-01-26,13.462944721434885,44.86264662814408,60.46803860751536,60.46695304321935
2017-01-27,3.682504589145437,28.50087834099624,62.2510973845897,62.257190226104335
2017-01-28,5.24205774357432,22.056696722998296,66.99782007964477,67.00219151721755
2017-01-29,4.936705812385956,19.994539911865427,71.58426798796631,71.589874997884
2017-01-30,5.833623980321652,25.88759922011731,71.95957279939218,71.95391762520428
2017-01-31,12.88205760839656,34.57783227912792,70.09925033257024,70.09615336743272
2017-02-01,26.855295963615372,48.47787180554195,66.85951783018243,66.8596180837442
2017-02-02,25.633403223738135,50.35499113989889,66.60690317776759,65.44780482335472
2017-02-03,25.688826734452434,59.70078478717508,67.10650727390492,72.32725814744971
2017-02-04,18.944087400244996,61.0973189264099,67.45788241375264,71.19923659956757
2017-02-05,15.667850033821516,59.02067154639909,65.10414387577664,70.47209991723938
2017-02-06,8.221562025550673,65.35939864361885,65.17071539874391,69.81320432297454
2017-02-07,6.917000833452051,66.20981937536821,69.12007530669771,74.69604195804168
2017-02-08,9.817162540717474,63.53271807644309,71.499846648476,
2017-02-09,11.462623854744786,62.188819351904726,70.56772717177485,
2017-02-10,21.709387936495258,63.75374842736671,68.97644007616873,
2017-02-11,6.3615989453385495,62.010964411451624,67.50039552546535,
2017-02-12,4.53812185120872,49.412766104284216,67.32529330502427,
2017-02-13,5.108729069507231,37.736729975348574,71.8844628597164,
2017-02-14,9.487548346018247,53.3479892623043,70.36761687935879,
2017-02-15,15.947133489857647,52.874995546575406,69.16538880265811,
2017-02-16,15.031660860689495,53.64740250168808,67.99413048055709,
2017-02-17,8.71651789865111,64.31783070825252,64.9241294734211,
2017-02-18,3.6987242487097323,65.02721121991138,63.17658089226791,
2017-02-19,5.358760161541489,57.41223924212016,65.27107844200246,
2017-02-20,3.836486413415981,59.52620081992018,66.92531380255862,
2017-02-21,10.767650055345069,56.067312016110236,70.864891625656,
2017-02-22,3.751313971381433,54.271222798560075,66.69998714129932,
2017-02-23,2.4095222028409613,36.896750838546005,61.84799983623275,
2017-02-24,5.0264583757897405,32.91102964998575,61.47495627989412,
2017-02-25,15.115328760549525,46.245085506694586,61.26182075850837,
2017-02-26,4.301769194058421,54.07515404000899,61.433502323676116,
2017-02-27,4.549080048605721,55.36690541912557,62.56102861856717,
2017-02-28,11.697211514970306,48.02171911850514,63.22102604687139,
2017-03-01,10.862145523188737,36.960650927566384,66.55945717359006,
2017-03-02,4.2931065278404175,27.27442813892662,69.55392207270833,
2017-03-03,4.060012928968783,23.23396033949483,74.13580383319123,
2017-03-04,11.220731621878711,43.27974918392678,67.68568955458773,
2017-03-05,8.569087180265123,53.00069169678723,64.58156061379981,
2017-03-06,2.210940465719833,38.3095571926315,62.55918836415338,
2017-03-07,5.146123137275063,36.7654298179457,67.33417428765102,
2017-03-08,7.062326228378034,35.31198167289602,72.82733867422293,
2017-03-09,11.891884117958236,39.86788284857184,74.58803193908055,
2017-03-10,23.515561584142855,41.76765838682312,73.97386302829312,
2017-03-11,27.109544515656804,50.45500763570431,72.20451556736556,
2017-03-12,39.59162637327744,54.51336109149116,71.82060215657675,
2017-03-13,42.411371941232,53.136542953088856,72.66040743673169,
2017-03-14,34.17209206402306,52.087223192098584,72.24287078620317,
2017-03-15,20.450357096578205,51.300462301456555,72.7208488708528,
2017-03-16,15.261343308249986,51.008202349087505,72.84185901236894,
2017-03-17,23.910618327481757,54.96492760808581,71.84984079040503,
2017-03-18,32.162910004516654,53.1591117270595,71.82748061699786,
2017-03-19,30.463334461115323,54.863162943824534,70.46246896462095,
2017-03-20,11.426516585684249,50.25577467645092,70.9160230775719,
2017-03-21,6.8651809563872535,55.31778859882265,70.39255450945004,
2017-03-22,3.9503768827573196,59.9269352509799,69.96087341879122,
2017-03-23,2.4846100382542393,46.34764962559989,68.03213444438802,
2017-03-24,6.082473856369315,50.00068257527681,67.903976433491,
2017-03-25,4.906080747534264,55.193795314414615,68.7341402350565,
2017-03-26,10.359557234581866,56.01378142282554,68.96573864588571,
2017-03-27,7.776193020622838,51.51750002760887,69.76688051329047,
2017-03-28,3.367582286236314,34.726573963229804,72.5994770570663,
2017-03-29,6.883460035216746,38.270642210055136,75.17375813808123,
2017-03-30,10.497822295658471,48.02851860597363,72.06496714331738,
2017-03-31,9.142835066944835,30.991356736931763,69.8703046153114,
2017-04-01,12.340057758943912,42.554261300829765,70.05166579993958,
2017-04-02,13.573350084292493,48.70427252803038,71.21980601133906,
2017-04-03,11.696418166058967,52.462025057720375,69.3066914670399,
2017-04-04,12.688171890613622,48.61382074873486,71.918743089274,
2017-04-05,17.8294632952981,50.06708230980343,73.87082866719628,
2017-04-06,11.918522322524202,51.00222218716349,72.49392976139278,
2017-04-07,11.85470915090602,50.34836094359758,71.54565609197714,
2017-04-08,6.209421630044791,53.12384694227342,69.48424525800996,
2017-04-09,5.977989063766532,43.93588839125394,68.49661451760191,
2017-04-10,8.215501098009575,42.74597011735071,70.81772812030434,
2017-04-11,13.025666175685018,43.766968480982136,71.02051856640091,
2017-04-12,10.7612351011815,52.1879038333282,70.1903146130247,
2017-04-13,3.555302061337356,53.10767525016624,70.84122522259524,
2017-04-14,3.955505517373858,47.09762366485055,68.90289436287335,
2017-04-15,7.491285349995628,43.71463090595838,71.00024195575665,
2017-04-16,7.313071718671443,46.786860545500254,71.41528249120161,
2017-04-17,5.559793237179488,48.046164529914535,71.93961249371543,
2017-04-18,3.7739555926678983,57.611531028526166,73.30090593454965,
2017-04-19,5.114492570879995,54.74864152840623,73.8168580249885,
2017-04-20,10.781915346907994,49.38154185007337,73.41581701398508,
2017-04-21,11.15043947963801,41.61888197586727,77.77367081447963,
2017-04-22,10.666417118475943,40.37459337659256,79.45874387447287,
2017-04-23,8.121977642659628,47.50825541242138,75.35215034475328,
2017-04-24,9.018597813927096,48.920213412009176,73.6173045398018,
2017-04-25,5.38052875749065,45.82197725248636,72.42307862510232,
2017-04-26,6.1313690717697344,44.57306254809616,74.33192892541632,
2017-04-27,6.557938478392523,51.65652099044746,72.94853594771241,
2017-04-28,4.286218760647967,27.88159251582461,78.12997112434716,
2017-04-29,2.1848651483157364,16.10598366013072,79.07155568124685,
2017-04-30,6.6428419036576685,30.37789291101056,76.90657119840944,
2017-05-01,10.572608679544684,42.88078658837115,76.96546876984009,
2017-05-02,12.23050457722645,46.86032007046516,78.03796785159913,
2017-05-03,11.119877369909501,49.580503990862375,77.8370753232917,
2017-05-04,18.530824996762856,52.870436807201514,75.3158964996255,
2017-05-05,16.228256974610357,54.065509986045704,72.39500400416577,
2017-05-06,6.727932842193989,50.84253242249108,70.04411236142366,
2017-05-07,2.006811862057498,50.048558865187736,65.7641969065413,
2017-05-08,9.01594146723691,51.736371886144454,68.03893428637785,
2017-05-09,8.408586191108805,49.76215717343566,73.16598599443849,
2017-05-10,6.059596021646725,49.32516991341257,74.01715038698246,
2017-05-11,7.937443868250321,51.42391321899627,73.35713984703041,
2017-05-12,17.33572934557391,52.22464120862399,73.11959155787886,
2017-05-13,7.458235881311087,45.938904223134855,73.093492257583,
2017-05-14,5.746601084087482,45.08447948946478,72.8347778920426,
2017-05-15,3.688657007520019,46.197809657662596,69.52988988680164,
2017-05-16,3.813668865519249,47.49098940652794,69.40721094396642,
2017-05-17,4.71169412108598,49.26005993615648,70.82128449638361,
2017-05-18,8.212196720694882,49.59948780794369,73.33712759190699,
2017-05-19,7.103555004766074,44.0712258284365,77.07481524993194,
2017-05-20,7.755250065565651,34.87996470395522,80.39867748075548,
2017-05-21,6.152874453718939,44.919286845933264,78.744352011657,
2017-05-22,16.820847409198382,52.81542558594669,75.45923201123968,
2017-05-23,20.54218722586684,52.916840872666356,75.46680591207951,
2017-05-24,14.324785094360141,52.946018265475786,73.01340347392842,
2017-05-25,6.21836505351285,46.52018528951393,72.94847286747542,
2017-05-26,2.828488802352524,45.449281710652976,74.71239590884407,
2017-05-27,3.083070823815405,49.044543854837976,73.12388747962277,
2017-05-28,7.811017838304457,51.58057228789965,73.97405793138849,
2017-05-29,16.435783088525135,52.98260198228858,74.02838075834701,
2017-05-30,22.119886266295985,53.51194923845749,74.1500886667135,
2017-05-31,21.065447675439554,54.1405781240404,73.7164428765324,
2017-06-01,15.575042226084042,51.76591675675372,76.11150228976764,
2017-06-02,23.66371950949567,53.37696498863907,76.20507502991259,
2017-06-03,25.942487736718622,55.12366426329662,76.56110720706309,
2017-06-04,27.22869956427015,56.32256670395521,75.55342134767751,
2017-06-05,22.93228086090995,54.31518342240675,76.08252878678803,
2017-06-06,22.13468266027243,55.862597083603866,75.23632698861475,
2017-06-07,13.634656786497137,56.085715385883084,74.80112851078069,
2017-06-08,12.120298421717171,57.01873737373737,73.77151936026937,
2017-06-09,8.558674142822733,53.980445940701244,74.4718573372757,
2017-06-10,4.448586433549224,53.125278425278424,75.66739283864284,
2017-06-11,4.287339583333334,50.00987373737374,74.75815656565656,
2017-06-12,3.4126296999102927,45.98004878997779,73.6150058646003,
2017-06-13,5.675728495957639,48.01289928840198,75.3656655823169,
2017-06-14,8.388882366694299,47.853344253344254,78.12020963881429,
2017-06-15,9.4868797032392,46.36208899319631,80.95369224569139,
2017-06-16,11.633388846790716,52.54006789287163,78.81805093113505,
2017-06-17,12.270865192916483,54.753131633362614,78.07611394744548,
2017-06-18,19.544568029708316,56.559081224046764,76.89078280596705,
2017-06-19,17.939783510981915,60.6226539039039,75.23584834834834,
2017-06-20,15.103173585950081,59.46500420875421,76.1227640993266,
2017-06-21,10.981200659219,58.54017781986531,76.79007786195287,
2017-06-22,11.982006444654884,57.33489546629082,76.75904502877613,
2017-06-23,14.828972505802463,59.34597807043301,75.23598203449221,
2017-06-24,7.409225971215782,60.02999446989273,74.52954924731814,
2017-06-25,8.77686324179293,57.48742735852111,76.9085631960632,
2017-06-26,7.663876850674101,50.6081378752132,80.65299000814515,
2017-06-27,3.9828477757648955,51.19209535583693,79.0521071190078,
2017-06-28,7.803462241298859,53.159095435948636,77.14394514427218,
2017-06-29,14.993709968733581,49.96978244976746,78.30668820601353,
2017-06-30,19.538630168555475,53.78148456105773,76.66140745616737,
2017-07-01,19.42520023148148,56.75445601851852,75.93446443602694,
2017-07-02,12.654919851023825,49.647912361035765,79.11488892548675,
2017-07-03,17.140753472222222,53.803802910052916,77.2165404040404,
2017-07-04,11.747484348695286,59.23274533121917,75.46683795317516,
2017-07-05,10.653130546210031,57.51307487597458,77.26788505556674,
2017-07-06,14.614151201733648,55.53276515151515,79.89077756734007,
2017-07-07,10.737176013989533,51.25224116161616,83.15648674242424,
2017-07-08,12.80530504580341,49.79644324588224,86.08198055379751,
2017-07-09,15.101569243156199,50.87489049898207,86.42465277777778,
2017-07-10,18.84388476850964,51.70688856071306,84.61634071108561,
2017-07-11,13.62995656857032,55.3193201514248,81.94958791208792,
2017-07-12,9.934085963804714,55.86799266893743,80.01362828870096,
2017-07-13,15.775088212285903,56.79127111717955,79.55712184832824,
2017-07-14,13.340422604669888,57.28977272727273,78.431007996633,
2017-07-15,11.881849322024593,56.11767297490408,80.0984091153786,
2017-07-16,15.22634367451691,52.563144005355205,83.63213177975406,
2017-07-17,14.435590290665134,52.44950279855803,83.43452781203509,
2017-07-18,16.86505940100941,52.72610509803828,83.32717100932155,
2017-07-19,15.661028117300875,55.032472207510125,81.51211711044007,
2017-07-20,15.244756861658614,53.08916084599094,83.33986893465413,
2017-07-21,17.428004216712115,52.793149736783455,82.43501868716984,
2017-07-22,20.918275905797103,53.521586993970715,82.54017618040874,
2017-07-23,16.43812220902085,54.84578880988,82.13070807745227,
2017-07-24,8.571712372822427,55.336187060187314,80.33918234416971,
2017-07-25,8.288141200043917,54.288547796808665,81.34065235690235,
2017-07-26,5.842728421900161,54.43659541147913,80.89607147051915,
2017-07-27,6.65813030120041,54.78082795004307,81.03322879962414,
2017-07-28,13.696423086348323,53.77683133859604,81.20145148968678,
2017-07-29,17.396317893871426,52.30135948293177,81.83545810523502,
2017-07-30,14.309778496287445,51.88678814603739,82.50376839680935,
2017-07-31,17.155545208607816,53.35074608965913,80.86678963548529,
2017-08-01,9.383198336398404,52.72553193757272,82.87543379220183,
2017-08-02,11.037001268325845,53.157599068935795,85.88921376069662,
2017-08-03,9.863207825046022,51.620104153786315,86.86809119170546,
2017-08-04,11.043874788255224,50.79170774651705,85.58055131638388,
2017-08-05,12.960000791953751,52.474027156814046,83.43859082629574,
2017-08-06,15.42693282004831,53.028703703703705,83.58171296296295,
2017-08-07,17.33809915880846,52.16225037176164,81.75748882093359,
2017-08-08,23.075896224822895,49.877666724375175,83.13319530906391,
2017-08-09,21.885358316682538,52.78127805904385,82.16276224289493,
2017-08-10,18.533353262607086,53.356022345634365,82.58503443924579,
2017-08-11,21.492086045608914,53.366507074035496,81.7156213104929,
2017-08-12,27.517902536966766,54.67529689677066,81.30245194380247,
2017-08-13,27.288561460169166,52.752989400533075,81.75473336176115,
2017-08-14,18.48203236775972,52.29592864026741,80.96006441223832,
2017-08-15,6.0245938672926584,52.006737974171934,80.14764799904513,
2017-08-16,8.719559425232838,48.99119451921102,80.84380788642129,
2017-08-17,12.665065360794475,52.47606722114326,80.27307481581407,
2017-08-18,12.564054302599875,55.630177576816656,79.39448345745882,
2017-08-19,14.999717143401135,54.826560267299335,79.08320201825384,
2017-08-20,13.224760861540435,52.367729262247536,79.65553481141106,
2017-08-21,9.50109814308428,50.58065995425397,80.84659660748522,
2017-08-22,11.78138909329305,56.51320035096285,79.6521626736077,
2017-08-23,22.08727880835533,57.02504520248553,78.9174166594263,
2017-08-24,27.542471820542442,53.95631042902908,78.79689319102236,
2017-08-25,29.647721229505198,56.31456960913482,79.48435833490181,
2017-08-26,32.799722594629024,58.71341187024371,79.9244148098688,
2017-08-27,20.107198944020954,61.64304954304954,78.54976250601251,
2017-08-28,24.230081568190265,59.17495147311549,80.08587034225805,
2017-08-29,34.38788416365668,54.69054670671519,83.08421276036765,
2017-08-30,20.898202851175295,50.95379823602355,85.03784822070692,
2017-08-31,14.170365860120032,48.60519451986672,87.97723967330832,
2017-09-01,15.074949012370615,50.15696925453761,88.96389636154106,
2017-09-02,14.645872620616098,45.6361370223979,89.97157036200514,
2017-09-03,14.566162813872522,46.03305867691253,91.56579009174047,
2017-09-04,14.843076243641121,56.03839949088543,85.84440975094729,
2017-09-05,21.298800017269617,56.68392588358305,83.21459492974913,
2017-09-06,23.56672472492396,56.666817155328694,81.19125814831793,
2017-09-07,25.35727491907806,55.638163742904084,81.09946922933034,
2017-09-08,21.422208757376964,54.493333291660385,80.91507197215867,
2017-09-09,23.03414888630984,51.90005469032712,80.79928375563667,
2017-09-10,17.677543191446695,53.103596868884594,82.12331007323547,
2017-09-11,15.42858112618688,50.56688951905132,84.44112111499675,
2017-09-12,14.991195314916618,56.6379962853324,80.91265965125459,
2017-09-13,11.381596275247208,54.997017073494405,78.62645471922328,
2017-09-14,8.431861226629072,53.367156686827215,77.15878247309261,
2017-09-15,7.1600675356110655,53.94723077948352,77.95053305587585,
2017-09-16,10.923901321299056,54.46483051680523,77.82406774738963,
2017-09-17,16.5266384939035,55.460585045578675,77.22992583101997,
2017-09-18,18.73497475108563,56.173858333679796,76.79404199484885,
2017-09-19,17.602036992912574,53.53952896782384,78.41144810935894,
2017-09-20,13.142600202188127,53.47100233224366,78.3443426372635,
2017-09-21,9.212141431211498,53.16904354761579,76.45314250696747,
2017-09-22,3.8993829456833993,48.198365924590156,74.066575968479,
2017-09-23,4.171811292365408,48.0877812029149,74.1048049119239,
2017-09-24,9.306317920857131,41.02634135091982,77.0906719812436,
2017-09-25,5.707688061096973,28.21360829013337,80.10202637720215,
2017-09-26,12.700834918266223,38.781843081126624,79.44603972268213,
2017-09-27,16.384242114163243,50.05331113110377,78.72085151746907,
2017-09-28,19.17536165696121,49.24457848349076,79.0848586726813,
2017-09-29,17.742468230079453,49.693982566476954,79.9581461915701,
2017-09-30,36.241785861056705,54.214518434583375,78.39217332730477,
2017-10-01,19.887012450515304,52.50898643886064,78.0920519921657,
2017-10-02,9.961071376362387,50.715602958809946,77.67953510033655,
2017-10-03,13.23491211113841,53.36035114777502,76.4141539342486,
2017-10-04,10.977097055242643,47.30216397847695,75.62933200700176,
2017-10-05,12.051969770249789,44.07351375690046,76.95727739183934,
2017-10-06,18.19149305609744,39.91885537492861,79.99385464681978,
2017-10-07,17.571565715104533,36.10106855802207,82.11363892126249,
2017-10-08,19.584163448580345,51.12907376161161,78.23010291383929,
2017-10-09,14.808516018658437,43.72095610970914,79.33940929525608,
2017-10-10,14.484033574324656,44.602810464147474,77.60327439510716,
2017-10-11,13.973326636284312,52.66482572573874,75.45760578544922,
2017-10-12,24.38865252724923,53.15084068185648,75.29596871272855,
2017-10-13,34.12958301473307,54.109394030294176,74.7520228069302,
2017-10-14,47.62355414978118,51.35798830853044,76.79384302630423,
2017-10-15,27.482172022138712,31.770593972805425,82.12326285747041,
2017-10-16,13.892506307584206,24.656079436868552,83.96373628139472,
2017-10-17,15.62930988998665,28.503107197952673,84.02327913341928,
2017-10-18,28.105946567801258,43.036775891941964,82.16109997435211,
2017-10-19,31.346941189635057,52.73582316791188,77.81933151727146,
2017-10-20,9.245650217633447,53.28753406161677,75.59168483543635,
2017-10-21,5.464956296902053,40.204169924209815,74.86857328177403,
2017-10-22,7.612179932366671,28.645711479326984,80.65580524604522,
2017-10-23,5.575961035603857,23.128315616129637,87.44775047167032,
2017-10-24,5.989988332428798,20.477902509623295,92.3370048532183,
2017-10-25,4.728521339699116,16.8296379743614,91.00569358554364,
2017-10-26,13.526834808925676,26.943519567712354,84.61711923834493,
2017-10-27,23.918923202685267,39.65085271822014,79.25361349001719,
2017-10-28,38.94539148562373,54.474833788578195,76.40392397167986,
2017-10-29,50.35260003188187,56.097997603504865,74.41759046992989,
2017-10-30,20.38357792752168,51.833269742527634,74.68168361697593,
2017-10-31,13.390335798981932,56.00910820346832,73.84314187770532,
2017-11-01,8.954576049167738,51.065967407004415,74.82877526621778,
2017-11-02,3.4170712960195266,50.32675035248674,72.86870206391811,
2017-11-03,9.449321437194465,46.39107197665578,72.86645749812703,
2017-11-04,8.610470347843952,49.064565716882036,72.4667828734165,
2017-11-05,4.724008753652772,54.98299250855707,73.11975031720837,
2017-11-06,6.428281741271078,50.84287038849025,72.65664360421914,
2017-11-07,5.979826406185872,49.049648879358834,73.96281456250142,
2017-11-08,7.455588364321105,51.4313534761285,73.51748716717717,
2017-11-09,5.141993516610521,55.53257151678939,73.2336013971422,
2017-11-10,7.473143837394886,54.65714705172006,71.88394692413841,
2017-11-11,18.61814528349373,54.118188377106655,70.54582588182826,
2017-11-12,31.094311019495986,55.97325659815213,70.78281399226839,
2017-11-13,33.568399677561366,51.73189444718425,70.65654538003069,
2017-11-14,26.042129402161486,47.39359167566773,72.17353096102197,
2017-11-15,24.260116718745184,45.124940468856536,74.17196312153858,
2017-11-16,23.633068826858473,42.76935383858721,75.37124820895318,
2017-11-17,4.307151397129939,52.55111526097174,75.08391411661509,
2017-11-18,10.356086745945545,49.46139348378629,72.13338464962055,
2017-11-19,7.940971074589707,30.50974196781477,71.13575180268731,
2017-11-20,15.950749168497184,38.132344752749724,70.49353596944898,
2017-11-21,19.585131991924584,33.4407533225843,76.33581321681278,
2017-11-22,7.845471834774779,26.865960826720432,81.08001795705339,
2017-11-23,6.544589984282178,26.864359976962167,82.41652375376226,
2017-11-24,17.52380897241617,37.14135301998198,78.20347088757592,
2017-11-25,28.0510950351756,43.963404773193204,75.98637566016303,
2017-11-26,52.145056650259036,54.98771051117121,71.5484982981949,
2017-11-27,18.231497390311965,50.59621611830255,70.26405098292028,
2017-11-28,6.217384814405547,40.530323635620924,69.37376507815398,
2017-11-29,12.608204073431244,46.37612683905047,70.24289859964644,
2017-11-30,20.729092003792427,45.75633830541598,69.65244220500813,
2017-12-01,16.823956939037505,47.280386175948806,70.98168097355841,
2017-12-02,23.045185833435376,45.64815299728495,71.69823894514627,
2017-12-03,28.23806970481886,50.657394352270344,70.40713083789547,
2017-12-04,22.0727110667358,37.70405956001197,70.20821223664933,
2017-12-05,5.233758712224502,15.626757031865719,70.40733609524074,
2017-12-06,21.878444602975698,18.656004928391944,71.0177135880293,
2017-12-07,21.523134803533697,17.51020847353965,74.09625501088617,
2017-12-08,22.4235143157952,19.582648204083444,72.96055395880003,
2017-12-09,24.580407620180956,19.4297908321817,75.60584467765717,
2017-12-10,9.481190472150566,17.0740918142888,75.81449715847683,
2017-12-11,8.325937745310636,17.74655441074976,75.56495854497031,
2017-12-12,19.50562248814203,19.437444118540267,73.73511953373361,
2017-12-13,23.24555247221405,22.00841468514338,73.52607973337176,
2017-12-14,33.54784159782508,32.67898093449589,71.23904044065078,
2017-12-15,19.58405488161511,24.295415222244507,73.35644598912039,
2017-12-16,38.2136923799364,38.89151185806699,70.51519845666795,
2017-12-17,16.732705568227857,27.33719758992942,70.9372111163613,
2017-12-18,6.472695101042634,24.504652908683802,69.55507694267867,
2017-12-19,21.307449260804972,37.54816149111204,68.04876435493564,
2017-12-20,24.932724709979766,47.206070977342534,65.65079707567831,
2017-12-21,4.295559348443351,25.240073963053543,64.26762956251795,
2017-12-22,10.130098829831569,28.144467874264258,63.62729880975448,
2017-12-23,15.774282397715192,32.802358938448315,65.10647218554737,
2017-12-24,25.640879400858616,38.61519144558855,67.56329037548231,
2017-12-25,69.68158740536839,42.095823919955336,66.1186512183986,
2017-12-26,76.7632350944671,44.98766572423003,66.68189160972571,
2017-12-27,64.91601946434358,41.55951805594898,68.71250018448531,
2017-12-28,39.763763024189984,39.62266851502134,70.23251032937371,
2017-12-29,24.335353798785146,33.249107600134174,72.46931414037583,
2017-12-30,37.972721512054854,44.451956376867834,69.22979390185549,
2017-12-31,60.68616784302316,50.357615831837926,68.28673137364797,
2018-01-01,95.36380113579692,48.98820618425427,68.13984168454311,
2018-01-02,51.329156468117056,47.010190896960324,71.0623644285559,
2018-01-03,30.634010134097434,42.195082003701124,71.7372654122445,
2018-01-04,34.097902804846974,44.06052117362386,72.58798961521302,
2018-01-05,20.994596831955334,50.81312797860728,72.58527526313941,
2018-01-06,19.727099651032542,57.13290106402655,72.18061192595884,
2018-01-07,32.759479799131455,55.23168788313203,72.59293078298163,1009.5133502370646
2018-01-08,27.839383279616488,58.651215877368614,72.2551001454274,1008.2827223145072
2018-01-09,6.750445927785378,61.85787851649187,68.22906667990307,
2018-01-10,15.386747512210672,54.81821031296152,67.5123174974095,
2018-01-11,28.34596245448211,54.00258312049125,69.39858640313892,
2018-01-12,38.060572435787535,53.09038658871119,70.18413123515478,845.6266666666667
2018-01-13,14.93628236549663,34.98345023268073,75.55347028687424,
2018-01-14,7.235988036380681,27.95597216662207,76.53096780878545,
2018-01-15,23.44596468499707,43.90488937228437,71.15997532756599,
2018-01-16,33.221812623225226,51.29456251943316,70.8747798594021,
2018-01-17,28.482638136032527,47.284706686205325,72.28379060353359,
2018-01-18,22.320631376010706,44.839376679530574,73.06175899265145,
2018-01-19,19.604914650249043,55.429557744234636,69.69125390502762,1011.7218120238934
2018-01-20,2.621558234534787,33.98645521903474,66.37693527113846,1012.5956894330906
2018-01-21,7.112228094960235,30.378298419155854,64.65161773188511,1020.0901631403132
2018-01-22,10.76096206743184,31.631222656826267,66.44207687265437,1019.5852371632997
2018-01-23,8.722957401403043,30.845911519773857,69.08775757947448,1016.6915593718718
2018-01-24,7.048794879039425,28.319440114883204,70.403523216151,953.4837056250354
2018-01-25,9.879062022802305,43.42106644569401,66.34208896565124,961.9299146176081
2018-01-26,6.246412310877782,36.24707597865116,66.31993269777861,1017.9253305976431
2018-01-27,8.021725269652022,26.807577896889896,69.19087050013279,1018.2507178030304
2018-01-28,10.253447726876578,23.454162475271843,75.6098778724251,1016.671390993266
2018-01-29,4.670894181385194,21.093847144740767,79.45041371403282,1014.8094659090908
2018-01-30,4.285957737116134,22.239360756595822,77.55424782307836,983.4597828750634
2018-01-31,15.883188522398882,28.964740680440084,73.90500118129383,943.916223997745
2018-02-01,29.91809265203071,33.5122056673731,73.40094303277209,1011.5241242783218
2018-02-02,35.937793968906405,35.50089488989498,74.54871738680357,1014.299227792444
2018-02-03,36.3607506807241,34.360831632850584,73.93810627308797,1014.8071887781001
2018-02-04,34.09521453602635,37.703713698449285,72.60144942741378,1013.6663866145324
2018-02-05,35.34901053992914,45.067348656175795,66.7770916703599,1011.5490400908308
2018-02-06,43.663916878213506,49.917371364066646,71.27058665761125,1012.689555751661
2018-02-07,26.55123437823613,40.8571126200458,72.90167606068782,1018.0093387043888
2018-02-08,14.654689700868387,31.634370582648828,74.37590746020078,1015.7165770813758
2018-02-09,18.89307468676429,41.265682520397725,72.49410895297822,1011.9061478475228
2018-02-10,27.546604160439966,50.20367565154761,70.15364106404907,1001.5099686761911
2018-02-11,21.91313993803734,45.115488348350404,69.82648620331139,1002.2364398251373
2018-02-12,7.698853143203403,45.47292617617627,67.69024033078095,1000.8090040680573
2018-02-13,3.3980049968831882,41.77894481806608,67.39408780487034,1004.7949617227088
2018-02-14,6.180721312082952,38.858258331556684,70.28991075823676,1005.5475758517833
2018-02-15,9.95944218913199,39.62455361333824,70.79864607276379,1005.5232612284219
2018-02-16,6.316448724601324,27.9109040857597,71.30225251150577,1005.9994111893328
2018-02-17,9.985161432757842,29.18534318494468,70.71529361695877,1001.1317002396612
2018-02-18,10.719824590510044,40.033466167808534,68.55616138111007,996.9916899115631
2018-02-19,2.464484976773647,31.041241774497045,63.86356842276844,994.4553088249788
2018-02-20,2.434341283371384,21.05987220217249,61.25998512109841,1001.2857922095884
2018-02-21,5.983670682803201,26.14868612005798,62.847257674618966,1002.0678665873855
2018-02-22,6.27535909283624,35.39195121231309,62.43744553361402,1004.3051256076826
2018-02-23,3.1620778433779333,30.739091903390758,61.906336879526904,1004.3162278037854
2018-02-24,6.292254362295966,23.70670318975758,62.54429611128995,1007.7478224550141
2018-02-25,10.134872229721188,29.762666686845446,65.148137090058,1004.1177694966307
2018-02-26,9.168932693553508,32.840049385336066,65.05899117643345,995.1138890024152
2018-02-27,2.7676316640534258,41.711329604741145,61.57078223788664,993.3372416126132
2018-02-28,8.251486861598428,39.20755026568179,61.96044784407386,1000.3418172706504
2018-03-01,9.00389245567836,42.14479694603534,64.44525649773922,1001.5815160973299
2018-03-02,7.4874436471399575,57.76891953155448,64.02945010993533,1000.0389545388578
2018-03-03,9.019926654781104,53.170774468235045,64.78703874104053,999.1805517612548
2018-03-04,5.31750257228081,40.581990825356044,62.78258303920759,1002.9659478422037
2018-03-05,6.292266540132652,27.33435116828594,67.53377251003887,1003.5241382872158
2018-03-06,4.232853677241922,21.175228385329547,71.67244107876968,1000.5753749255645
2018-03-07,9.756007060805402,26.891470461627016,69.75511791872414,1000.0393427635911
2018-03-08,15.197065060075838,32.62696379140041,70.73993080675326,997.7602318543528
2018-03-09,12.931367508012714,45.30204061399953,70.95338427311887,998.4935576490818
2018-03-10,22.465308927768696,58.297720035956154,68.6804860051396,997.5009226567216
2018-03-11,4.8796405587214196,57.398732841659005,70.49789830554705,998.8347958154245
2018-03-12,20.402212366859924,53.63286689987912,71.92669814998726,1000.0790528524517
2018-03-13,20.888293782784032,57.015943322393184,71.58515146072327,996.849623144671
2018-03-14,2.936453126013402,52.28496597180046,69.75140720806735,993.2309801405553
2018-03-15,1.4943111763176178,46.28014319622815,68.18956793434396,996.7806516773752
2018-03-16,3.8219354428300383,47.01119030623635,65.92595735556128,1000.274363004282
2018-03-17,2.7322311189566895,47.55993438063001,66.07833070464864,998.0103310291887
2018-03-18,4.2316646128206274,42.868669622612806,64.99369804721485,1001.317192656987
2018-03-19,6.08803411015934,35.9458677090616,69.4299668538137,1000.2007337906501
2018-03-20,9.974360095055854,36.23131449878293,70.970800060096,997.8306812294533
2018-03-21,7.466044200751074,50.38332664629776,69.77610242514626,995.8095315173518
2018-03-22,10.831764307986381,60.09332303550887,69.82665063030389,986.3132324100089
2018-03-23,7.909408554284721,53.51918945382394,70.44680313477231,981.7775377549056
2018-03-24,7.991665403601354,48.35218246272456,67.94369044443566,983.3133671790148
2018-03-25,3.934210134585031,42.849834178861876,66.98283445976247,993.6102703844717
2018-03-26,3.109668939946541,32.51200297073575,67.88436645273852,995.3170256693663
2018-03-27,2.754491413520075,24.751237091195758,71.88690156713753,997.4685701816587
2018-03-28,6.851152366384735,34.53926371778959,72.12867872916112,997.928976642612
2018-03-29,15.296131379224907,43.46287655415439,72.33729659656154,996.5201104566522
2018-03-30,23.50247669985102,44.51946774432495,73.1922340360682,997.5076373661896
2018-03-31,31.044290836480325,46.145556262762156,72.18835862572355,997.7904746885717
2018-04-01,34.083838700419285,48.95014436203726,71.0665064529507,995.3182372198631
2018-04-02,21.45585320031565,47.30787992119022,71.0304891183785,993.4130717304042
2018-04-03,18.360419296475154,46.90945067598775,72.06228504023257,995.5521445593653
2018-04-04,30.41284148944995,51.87945211713945,70.28579656703215,998.5247457438529
2018-04-05,37.84825343586999,50.74954354886673,71.43274116717899,999.1591096687528
2018-04-06,12.881407643175356,47.702448516182024,72.38589202661957,997.7305290931786
2018-04-07,10.125909394815267,52.15070549419066,73.66241438454473,998.2726897038061
2018-04-08,8.036258115708248,45.710410194534816,74.11600432632743,998.0059216707026
2018-04-09,8.141310723217964,31.78771145851535,80.28267397122714,996.8189592311143
2018-04-10,11.627285433808085,31.633346846396986,81.62901800794597,997.5709821999967
2018-04-11,8.862222650300946,38.26113419721184,76.94140742590723,997.440879529822
2018-04-12,3.6362284734534964,34.003779909005154,71.40183668793334,999.2808408287168
2018-04-13,2.8723523941450626,18.737020230387646,74.37800628485374,1004.2365036069984
2018-04-14,9.79153402819862,21.049479898833372,78.20351756458018,1005.0754039613207
2018-04-15,11.547231268285728,28.69475918348666,74.93366145937871,1000.0105851271478
2018-04-16,7.7238157073419185,40.79225639337351,69.34116658324287,999.9976873510027
2018-04-17,1.702756460511225,30.039753405851823,68.60095533968756,1004.1434003832145
2018-04-18,4.691444075106624,30.928695343248442,71.41884402125879,1001.0268416293005
2018-04-19,3.543679954244735,41.47884791840626,67.4023313528922,1000.7124741803892
2018-04-20,7.209080297568403,42.21663698664154,70.47726488014658,1002.9251557587363
2018-04-21,10.645662477149063,38.12766102610107,75.51152568457138,1001.4919362360744
2018-04-22,12.699277752507495,37.94355707327208,77.7288785752205,997.9308861529341
2018-04-23,19.782341831834128,44.779948114111555,75.2952001941156,999.5422232853109
2018-04-24,29.56435585049001,44.210979650663326,73.11738108567855,1000.5050173050873
2018-04-25,25.306966540286446,42.7890673308918,73.42798592484277,1001.516920994936
2018-04-26,21.581757559308894,45.06293923182502,72.35197414223353,1000.3753276175864
2018-04-27,20.640630051737077,44.595308458003224,71.93702322888379,1000.2145876541094
2018-04-28,14.381976964568132,43.67964714479947,72.26143327260338,998.5623162385095
2018-04-29,8.261261848425905,43.5438988320841,71.78157405358598,998.7535554006057
2018-04-30,7.35247986734757,46.45295511196548,70.43216215409528,998.8484545216356
2018-05-01,10.056753281205722,46.27220964654807,67.54052656561163,996.6154010194928
2018-05-02,10.602515247193159,48.06767391562144,68.4208054401381,999.9916518486029
2018-05-03,10.115266381393585,42.99700807783271,72.34291166681166,1002.3002774681195
2018-05-04,10.475737134624273,37.94225748753582,78.83852949897275,993.2881776990444
2018-05-05,12.638539407373184,34.634747450176626,81.16788962733376,989.5625585317605
2018-05-06,12.224147566324989,38.17825251836284,78.81074063633797,981.7201421170915
2018-05-07,13.692573383887089,41.400747073726784,76.47409747976714,984.4237471640629
2018-05-08,20.13491458522712,43.26998924040679,76.86101731909939,987.4107412376208
2018-05-09,20.07820233756489,45.6560508746768,76.94925371095653,989.6033298952586
2018-05-10,18.77310892676458,46.232053186580075,76.7723881021405,996.676999896792
2018-05-11,9.110430465978833,51.421778226345374,71.64524058199508,994.8179911583894
2018-05-12,5.555615718995119,51.02915947252369,70.65433859607056,987.6540565090563
2018-05-13,5.078744203923387,47.10484294871938,71.6976789501331,989.9747746123786
2018-05-14,8.68412672432646,46.42344081742027,72.41127429923307,997.8258106053648
2018-05-15,6.749772420846496,45.09041642967365,72.73314828769078,1002.0474251757954
2018-05-16,4.794029297751107,42.735258059047474,73.52503781286225,1000.2106322421967
2018-05-17,5.0859869479090385,42.84831964924709,74.05485848377533,991.6289341042274
2018-05-18,8.667503923828125,46.60997072652249,73.36725348676036,996.4659324571916
2018-05-19,16.16557418720655,49.680172788411824,72.60776855168673,990.1123191770724
2018-05-20,13.724175539977862,49.11900610476668,73.4587568072595,993.693257061156
2018-05-21,10.550439762562176,50.74572541279294,71.87598665709038,983.1604834977846
2018-05-22,9.320020031161832,48.518742042842,72.3708855282482,986.6884729153624
2018-05-23,10.511773677468033,49.32934890466059,72.80278165128179,989.2311958691186
2018-05-24,10.740363244347735,52.11966196505536,71.64863362156466,992.9226920255604
2018-05-25,3.2993316267381996,46.25811226821889,72.75694534745747,987.053486072414
2018-05-26,4.07910177604733,45.52774343889423,72.74635001191452,997.9824059090901
2018-05-27,9.90971022277848,45.62867794144266,74.39214456399291,1000.3081793995016
2018-05-28,18.828560143870714,46.72877859025989,75.53113439789023,995.506754098465
2018-05-29,24.263043443623754,50.18208030328742,75.34853773103397,996.1585293431826
2018-05-30,8.379404261291267,53.42836347784857,73.69551810527308,997.6007258874197
2018-05-31,8.779593100963831,47.416653069109465,75.37789212264363,998.7645721529736
2018-06-01,8.430798325155846,44.028416350944426,75.80424745120024,999.851391433215
2018-06-02,9.108313063112425,40.66859545314945,78.83732080287484,999.0901996903502
2018-06-03,9.90348946423091,43.205841197489455,79.42053755015034,997.4093073075124
2018-06-04,17.865452322557882,45.9758712476911,78.56741649220143,996.6692217044614
2018-06-05,20.723255363981266,48.100247096971074,76.74739649569977,997.1731816088812
2018-06-06,17.53239892257024,47.13568340219077,76.29521629293401,996.7454063223266
2018-06-07,14.91985616088106,44.48149696161016,76.27426033308531,990.8912367412274
2018-06-08,13.236542212571738,40.32292176140341,79.64502931046228,998.372271449081
2018-06-09,13.842548539017496,41.050732618186714,80.88237173516762,997.5223645042007
2018-06-10,10.3779331905629,40.45303140748067,80.18469160481436,991.5360466234059
2018-06-11,10.175123554895617,39.33939387568585,81.88406466144845,994.903450498346
2018-06-12,10.622975489334108,41.62004318640621,81.9675272920478,994.9648422041048
2018-06-13,17.12889524983068,44.30134828575622,81.36427919618039,995.0316898239907
2018-06-14,26.23879967945267,43.221198339879265,81.19618699559994,994.8773326274071
2018-06-15,16.296295562939783,44.22155020117748,80.50743701299308,994.191223867333
2018-06-16,10.37547454207219,46.19685321976352,75.92195092893778,994.8166960492972
2018-06-17,5.345911116482638,43.59745087160803,74.09484500530725,988.7709304060763
2018-06-18,6.83904197512026,43.74464077163124,76.01237764810276,990.0628806136638
2018-06-19,13.14027601889328,45.68481012511101,77.25709243065037,989.168794959458
2018-06-20,25.87423097097825,47.255593628410985,78.88082615655902,987.9359108958885
2018-06-21,30.23543697145321,47.77449435151938,80.20507270432878,987.9832996904075
2018-06-22,30.438117813674065,49.27431984339812,80.0658894465734,986.9182900803613
2018-06-23,21.3967165060087,50.07041734884214,77.88673746413862,994.1198450906502
2018-06-24,12.876631790348615,46.32377693190701,78.14331127810043,998.7417373658744
2018-06-25,14.074013828181014,44.200420921743,79.86497849255407,999.7024208803817
2018-06-26,15.036720215061077,45.06234442531118,80.00468219037212,1000.113202817454
2018-06-27,18.950006844761237,45.09649507917884,80.8491943721568,999.3866230514978
2018-06-28,14.591919946649272,45.04459719735639,79.93891225662283,998.0472515849763
2018-06-29,11.57457833568772,44.39101374529261,79.33605121506109,998.3133505841099
2018-06-30,9.296333097046677,43.82085495381961,80.14014277180041,999.3071339105167
2018-07-01,11.244556528254725,44.36246189627169,80.74057999884116,992.5960924821309
2018-07-02,8.548647197868428,45.167584902449036,80.53255226093043,988.4548277404969
2018-07-03,10.299228217427864,44.84067095782845,80.55011157554964,987.230630976863
2018-07-04,10.951421848577636,42.89472980426312,81.45332319930063,990.5813725438181
2018-07-05,36.13931655892626,41.14929042609556,83.81437784063591,1001.592143930286
2018-07-06,14.249909059515556,27.305565054253996,94.45336255527054,987.8991581996173
2018-07-07,13.004376388839255,28.78815786344264,95.57392353446471,983.098245497411
2018-07-08,12.592760172610795,29.73721115120446,93.27203584628018,984.9629290559324
2018-07-09,9.621189255388016,34.996295013116175,90.97056139198801,986.9954980345699
2018-07-10,9.002588438037703,40.63833563530325,88.57817933328741,988.1380874623624
2018-07-11,9.916183865913059,40.34896221383641,87.98405885081243,987.8790213361364
2018-07-12,9.80129588781719,42.70718287559916,87.20441558885213,995.4954184597914
2018-07-13,9.009468628859473,44.258973177089295,85.61149433812838,1001.7238850661424
2018-07-14,8.955732665005872,44.29886558278445,85.65719145642005,1000.6462181673661
2018-07-15,8.193217016400716,44.06649340800366,86.3192811239931,999.8546992661724
2018-07-16,13.117126232751824,45.815460669929195,85.37411886349562,1000.4863831010659
2018-07-17,17.072753346379326,47.58222485187059,84.03127572934513,1000.6529612257865
2018-07-18,16.60721935336872,48.306649708745084,83.90338096411135,1001.4543847213298
2018-07-19,15.53962099951746,46.35685353250272,85.81285825241517,1000.4422045361686
2018-07-20,9.189920532801185,44.535529378674,84.82956439732722,1000.479176508666
2018-07-21,5.138222054275474,45.00202901617137,83.76297167420815,1001.8978725875215
2018-07-22,4.53283031439818,43.07863692531466,85.75128665181249,1003.1635056637635
2018-07-23,7.985751175510399,39.01796716484002,88.95696839325586,994.5209310759393
2018-07-24,11.663497902397506,39.21782310889457,89.26112967976674,991.6078678724012
2018-07-25,19.037003335704945,44.30362926573757,85.0339251359906,993.3638262605787
2018-07-26,26.071254989950877,47.44185921073626,86.28650546429304,991.5183715144701
2018-07-27,28.705081605128065,46.31911434079585,86.56771696484196,986.7920220121534
2018-07-28,22.874122000858623,46.36173303281352,85.39838348558533,989.6913597246892
2018-07-29,17.881556378711398,43.718334355556046,87.13026300545135,1001.9650133694058
2018-07-30,11.264961954857837,41.83960411351781,87.60174008954161,992.5091289217173
2018-07-31,11.041773025184359,39.494451154696385,87.93632928278996,992.3974725055267
2018-08-01,10.774689671274862,39.249791635208254,88.18946794843825,1000.0799177480116
2018-08-02,11.574138861179877,41.42292926530419,86.51710959146965,999.7462840754489
2018-08-03,11.60493256251383,42.0187105629302,83.95329817750779,998.9548608132742
2018-08-04,12.756491129600496,42.72429933086235,84.61809550077582,997.9840228146346
2018-08-05,19.655281843323927,43.65723236533519,86.28076882180922,997.5534459568864
2018-08-06,18.30651619222611,40.52633935258154,88.13429977933193,996.7785247202089
2018-08-07,20.849832920186913,38.30380074691479,89.88723727127804,995.0968860352053
2018-08-08,13.702568663199324,37.12074004016469,90.34860403512337,998.6898323962043
2018-08-09,16.161229980581638,39.54776859319283,89.36310469800226,999.3726585093237
2018-08-10,12.026545359374738,35.249971747326406,89.45245113396747,995.8691601429656
2018-08-11,12.167139289347283,38.407412275017876,87.97643553203339,999.6497004610984
2018-08-12,12.122749619085198,45.27042545311438,86.7054864320353,1001.152404385332
2018-08-13,11.315466940850817,42.681332695743116,82.9214979716129,1000.1234213633234
2018-08-14,9.955547886698078,43.9237879008764,83.97892895805826,999.0371983313343
2018-08-15,13.450429308236998,45.65729863843395,84.85626515754026,999.342323413768
2018-08-16,17.126789010442735,47.122117066318566,85.92937059651575,1002.2021682507127
2018-08-17,26.404408723496097,48.06088429958429,86.77037262645887,1004.1604816326861
2018-08-18,27.95523149032616,47.740919602509855,85.74826009330316,1004.1570187149133
2018-08-19,29.076633143260562,47.370588134474254,85.84180854750224,996.5954743002712
2018-08-20,27.443985780686727,47.913878721501554,85.32733619898923,994.2480934906704
2018-08-21,32.420971181682205,47.247699118456445,85.3776001600526,999.1058199684392
2018-08-22,27.35478110120518,45.40358442461564,85.36909275638679,993.8837679987125
2018-08-23,30.80160554693744,45.93191793044274,84.03967916025572,1001.6468632806552
2018-08-24,43.23697114972835,46.07268203127059,82.7795404292135,1000.8916274737353
2018-08-25,48.28104629120129,47.278159571101355,82.00820765681065,1001.0913204734414
2018-08-26,36.52939263288891,46.94914040717783,82.31504733912482,1003.1053039186551
2018-08-27,36.13764117054429,47.3304823179292,81.37645746549562,1002.8309102272038
2018-08-28,22.78017943464776,47.3820675450067,81.06437546099832,1001.6481283140251
2018-08-29,11.769341489167646,44.985945962648046,82.99450577938362,1001.7272981322993
2018-08-30,14.147182970330393,41.37385824685556,82.77653204647311,1001.7045798968027
2018-08-31,21.659361390133224,43.651412749432225,82.47469428668609,999.0964869766932
2018-09-01,22.11276198270059,46.68149629429475,81.67803503838489,997.4126410655523
2018-09-02,18.86897728150216,48.01879734830097,81.69435037884415,999.2956127631953
2018-09-03,18.322923295419784,48.21620735838614,81.94992202364641,999.5540013605672
2018-09-04,16.965225576975396,50.200047035388174,81.06599177741617,999.0433163195303
2018-09-05,15.249089930113302,50.98513907865893,79.99660386064019,1002.1336574613223
2018-09-06,13.821273179866894,50.55337321120028,79.93698897922188,1004.5034287066496
2018-09-07,24.89010009837547,49.024451970945215,81.404097934821,1003.0406966895456
2018-09-08,32.45134210585697,48.0047884643328,83.15970647594366,1000.511709121104
2018-09-09,29.440102325095562,47.45031278801813,83.35514843893073,998.7644638045354
2018-09-10,20.147857830107395,47.40240492146993,82.98628985066019,999.4152139878461
2018-09-11,17.72713103776856,46.439781401579076,81.98263883640652,996.6724923854977
2018-09-12,17.512729480423193,46.400213212699924,81.68590312172856,997.728043298598
2018-09-13,16.740131755244757,45.64473036186632,81.78299355025071,998.1857110190981
2018-09-14,8.95365906449122,36.668574502375,83.46173606333696,996.4752810407417
2018-09-15,6.198918767501149,38.62295156735406,82.38662057631389,996.739722885939
2018-09-16,6.786524305387841,38.19772042792487,81.89559771468416,998.3427980797211
2018-09-17,6.1575692287338555,37.25542388720379,80.91065414272951,998.6874735081338
2018-09-18,8.436563209664092,39.647366209164346,79.60124033545982,997.9156144959308
2018-09-19,11.680700520637082,44.78053656301246,78.61216069006711,995.4060920678013
2018-09-20,16.308480948684235,46.73978275496893,79.45373856375804,996.9246980556354
2018-09-21,17.57543222266244,47.453142703438544,80.90057203755381,1000.3146733255694
2018-09-22,15.178769069688745,46.853161472322235,80.95300596964067,997.1509421556071
2018-09-23,12.054355009793277,46.94369957808451,80.04588471107171,995.2360123407626
2018-09-24,20.433571040733476,47.61420023457482,78.64567284532195,995.1480535134749
2018-09-25,25.287151660156407,49.03601549370224,77.56377019249244,996.7147898809047
2018-09-26,23.920014000109443,49.55532538484047,79.02873872151271,997.7147673359576
2018-09-27,25.457309216332597,49.445186834862575,80.25895822909492,996.305977836081
2018-09-28,32.48923302653447,50.52985889156991,79.81448101730368,993.8904229563633
2018-09-29,14.60423107889796,46.05901433765721,79.62299761449115,989.8682860521141
2018-09-30,15.302526534260082,45.71425722748401,79.28099827554952,988.7260036176926
2018-10-01,9.510578432759319,39.759805663870736,83.61416138820307,987.0851472035349
2018-10-02,5.613205475955823,43.249383284337675,82.00824057409928,986.9136283822264
2018-10-03,5.346433561660016,47.58150843422548,79.92413888049593,989.4197454859107
2018-10-04,3.9647074840839385,50.66052548974095,78.76099909688769,990.7708547182189
2018-10-05,6.660111897734687,49.56631038044846,78.28641967673036,991.49473099219
2018-10-06,10.222042986181387,50.287933613470344,77.36600002475267,986.7824610983826
2018-10-07,9.413464828537842,48.193350145175685,77.65603242116585,985.7021073008591
2018-10-08,9.422579076870797,47.1316256880359,76.99077259028286,984.5433124299398
2018-10-09,8.851991862741158,45.98225754550807,77.32339756521998,985.6871156217634
2018-10-10,7.420329527837841,45.283368990764316,75.49501803185692,980.7423510241889
2018-10-11,4.496781822752917,40.151507195584905,75.82834219170275,981.9247042250769
2018-10-12,5.943045227528519,42.11841036670121,76.49748927862278,980.6022215602142
2018-10-13,7.613125090866243,56.53497000649745,74.21514490954975,987.4540912096026
2018-10-14,10.724866333046077,52.02637771370647,75.2923017159846,989.6144844951233
2018-10-15,8.491217387615677,30.050176606210382,77.16861746728821,992.7975407198169
2018-10-16,4.78209020462967,21.637321527967526,76.16655300874407,992.2268128432235
2018-10-17,6.853971847741933,29.215280876251523,76.48327932214211,990.9652870981204
2018-10-18,7.994954473508219,29.477601752314033,77.60123791644932,989.4053937719368
2018-10-19,5.9559526663088445,25.456886693900124,80.38779505804231,988.6737390018492
2018-10-20,6.210566240540575,25.049746781402824,80.93812549755242,989.9961841950122
2018-10-21,13.266366598903202,38.675620591634924,78.13561168775851,988.2444270458486
2018-10-22,27.907906111753192,47.77205224390345,76.79091531686363,987.601505126025
2018-10-23,31.96366484503616,49.73808891586263,76.23034719277595,986.8483979552992
2018-10-24,21.48894491169481,48.35294383346436,77.14485611770634,989.5139766620371
2018-10-25,31.02645454935723,49.0716885809177,77.4778112384936,992.0180994956313
2018-10-26,28.497481402742682,45.47082679914648,77.74286359985783,991.5900877413968
2018-10-27,28.705938696254524,44.304983303675435,77.5376355354557,991.0779556449066
2018-10-28,46.36472527066896,47.88742003370792,76.2846228691759,991.6064644410606
2018-10-29,47.36050204349859,49.08249076983535,75.04427378326046,990.7834177182328
2018-10-30,33.33373539026169,48.25711409352534,75.1353560213576,989.071661466333
2018-10-31,23.41257085401979,41.16647717301326,75.05194952067343,992.0104390117453
2018-11-01,10.941081358280016,31.42052321181849,76.02152476377965,992.098980194244
2018-11-02,12.950523960144965,32.04732527746929,78.66539973312841,991.7077204216873
2018-11-03,16.99607349463828,33.785737732874445,78.65328488178086,989.1086194826623
2018-11-04,23.41902210734983,38.54167270112433,77.4110794205036,988.3903576451193
2018-11-05,30.050384101794574,47.09388280599902,75.63404690407022,986.1224174528165
2018-11-06,14.02524932418107,46.07853101884354,76.19209291210873,987.7921734652126
2018-11-07,19.192640608029834,49.43890580645856,73.82216947765409,989.6514246275619
2018-11-08,27.371508137727183,44.99326203068233,73.80293033319458,989.5378267885893
2018-11-09,11.212297041347044,18.93809869591629,74.69823919746311,989.6370458325977
2018-11-10,35.97353375205437,19.998039069823847,70.42623091469461,992.3628804415741
2018-11-11,77.8968191222481,29.111200821576695,70.18855741249891,991.9419520752905
2018-11-12,17.131616660879356,21.308864871536635,70.592214577872,995.8387801736984
2018-11-13,7.528851896422146,17.82423317064446,70.30607181672592,997.7287994552842
2018-11-14,7.768123631378089,17.12922198075135,73.80561615574382,999.6270252024012
2018-11-15,7.918734085632818,22.630108308014652,72.63854969299865,992.0020576823035
2018-11-16,15.566855715225064,32.99827327578614,72.0045272100481,991.3435340238482
2018-11-17,35.37725513412835,45.05313109107385,71.13055109376747,992.7488567086369
2018-11-18,52.88375437693881,43.9670358621862,71.79221811859409,993.2217327333416
2018-11-19,40.365696283420405,38.47725882476979,70.41245029493123,992.1928998139881
2018-11-20,38.385744306480326,39.53277224603915,70.09910483945416,986.9155236228289
2018-11-21,38.7898559467684,45.20817053672808,70.1910635893413,990.4342506957845
2018-11-22,12.719962629338662,53.67140019004682,70.64856640498996,995.4439227950589
2018-11-23,11.646042662734851,50.556232647447054,69.57800436588623,991.5336206450623
2018-11-24,17.106960342673727,50.527411900202054,70.38029595362806,985.15117180061
2018-11-25,18.406748249584506,48.62070641557208,71.30123527693392,987.2983990183524
2018-11-26,6.983779374695859,33.40329194945202,72.07863784306132,990.6783843200925
2018-11-27,6.529375038614055,31.490057981386734,71.67955236800137,988.3749046941159
2018-11-28,13.899032242934478,45.87266727394412,70.19692958619989,984.7844556597579
2018-11-29,4.499194967907577,58.77281451472828,67.40209221077599,980.2395183345684
2018-11-30,5.582196799204268,49.907922612646345,67.53700377453171,982.8467916284113
2018-12-01,6.273358052510131,42.336792519788474,65.97546857324963,985.2940706261387
2018-12-02,3.8320732105869513,35.20937013912966,65.5723040371731,986.6419069857781
2018-12-03,9.364718073504452,34.54020277349169,66.52695641277613,990.7274595797915
2018-12-04,5.6643645166963426,28.063549291165025,67.61046000137382,988.2025001226989
2018-12-05,6.430018664875645,42.91679658527083,64.09186738311092,984.0699915970047
2018-12-06,5.3806680195422185,60.39133093876914,61.76044329316799,983.9441136088698
2018-12-07,5.335523307584254,47.692162487437976,67.02651442884924,987.7612093198891
2018-12-08,9.223954290808512,44.71717513015537,68.10643821311753,993.729864929469
2018-12-09,13.996224584954819,44.62355169406086,68.49530587360132,994.7619969852182
2018-12-10,12.126366468405976,43.661111436123775,68.76984066177207,990.0306466494384
2018-12-11,25.46173968479407,46.54709742780802,68.30957696337643,988.4138302553464
2018-12-12,34.72630997323062,50.17056540964541,67.20881008660268,992.5270264225018
2018-12-13,20.658875341843874,38.52168485971689,69.13875627723876,995.9520993868653
2018-12-14,10.406686593434824,31.71591040931747,68.30900553231155,995.2574807048444
2018-12-15,13.097430156490757,35.99499563860717,68.26729309441308,992.8919685527646
2018-12-16,21.89683182709715,42.54711466314977,67.10088445578872,991.8279709322471
2018-12-17,15.26389143415834,51.390001341202456,68.95636753702243,993.2618523346382
2018-12-18,15.313750899185585,52.24936591209223,68.62042593613752,997.9652389374014
2018-12-19,20.281628795240636,46.161115443127876,68.82121378309711,992.1951445431686
2018-12-20,18.8574983616946,42.49918914837118,69.27502973418382,990.4670593096353
2018-12-21,20.03343473729216,45.3877651879009,69.59072061262619,987.4235088924171
2018-12-22,35.275875516399104,49.00768647037498,67.88568774379245,990.2363233897302
2018-12-23,47.26933365372638,49.97649468006974,2615355.64280213,994.7072691112023
2018-12-24,53.2207943128151,49.976519628832,38333108.107190154,997.3012723032631
2018-12-25,10.091726803775451,44.77879041019796,38576845.305885084,990.1480347633363
2018-12-26,6.568977133994483,37.07892420250716,40665260.28478555,995.3938249720723
2018-12-27,9.106190153689502,38.911059788843815,39565618.04757838,993.9031535235874
2018-12-28,2.5028293406801985,20.25559156275576,36898195.508657254,998.0199615938815
2018-12-29,9.393004505018393,25.065294026063224,40694577.813829385,1004.1809932637834
2018-12-30,18.659088172332236,32.50189365739753,32682412.687732253,998.7914153106403
2018-12-31,13.088955371303115,38.5738337267042,27610297.68603333,992.6065272801306
2019-01-01,10.465412716977937,18.183600304348793,29318864.86413772,998.9708835330638
2019-01-02,8.84062455265529,22.628786407602494,26654101.934777096,1002.5948522962342
2019-01-03,9.129869795983131,27.120985873341343,27663600.143593498,1002.1090642671967
2019-01-04,18.049385273194932,33.194064798302314,8980662.309021292,993.7772954888328
2019-01-05,29.460302344834176,44.47496450343771,18147808.46378819,992.1271831022217
2019-01-06,10.564549290981274,51.724195980409554,16197169.525440775,995.3856312308862
2019-01-07,6.754209161227535,56.32587636725074,61.63750062794832,1000.8177871285139
2019-01-08,12.474612784483217,48.00947773715566,93335.85111444583,997.3620013195153
2019-01-09,18.613760913614428,49.31750429544022,10425443.834769247,997.4213830783641
2019-01-10,18.373080577931514,52.090316272901156,15091681.079960078,998.1873981394193
2019-01-11,36.06139891872615,52.135970585751714,17568812.502883676,995.5242385400037
2019-01-12,12.077919185680942,55.94772152957264,884406.0165446562,994.2131495744342
2019-01-13,13.773594122033424,49.52663153598992,11035332.890434824,995.9079142538756
2019-01-14,9.62736458947147,55.49866960063866,15959523.97562639,994.0060298250293
2019-01-15,8.244659102846459,58.917171256241325,15279286.669957262,994.5947789414853
2019-01-16,5.2222779055226995,64.21692385157039,17772340.332651,998.8295098501495
2019-01-17,4.571061762564238,66.46230527163804,13314324.277276333,1004.775394530624
2019-01-18,11.316911136212752,57.695768588925375,5842552.936264472,1006.912263095813
2019-01-19,10.927382648022505,46.56929457126524,12089271.355143446,1006.3267209429644
2019-01-20,6.83656261607794,46.04440281222919,12687914.360344145,1001.387542372676
2019-01-21,2.001143657692787,39.810043648170996,11720286.156566508,1000.3711197081174
2019-01-22,3.3864547697292333,27.816357775348262,9262536.660308853,1006.0119129944704
2019-01-23,7.256494138314171,29.049161213616188,11024674.140931137,1008.0317263011311
2019-01-24,9.921097705359303,32.9245643607899,5740682.425933313,1003.5099888638363
2019-01-25,5.408493795159438,28.439084695611907,8466505.105491344,1002.8340938516168
2019-01-26,7.256884073227682,26.08548405549691,1305542.0708227372,1005.6163383055937
2019-01-27,12.238734076111093,28.31901486591302,8719362.511832703,1003.1354134959421
2019-01-28,29.76568932928083,37.5405621361151,16908536.352589685,999.0666241824466
2019-01-29,37.25900572748586,44.8867896569019,11489906.39499577,997.0293393136595
2019-01-30,26.57488932313078,51.61241033056941,10459346.115780752,997.030109745947
2019-01-31,23.558514730972018,56.597643742277185,15301614.967466088,997.8798344746874
2019-02-01,11.838850499030977,53.202228221675796,12981052.921184355,999.246589938506
2019-02-02,6.489212623308754,61.1902878511583,17157054.262758642,994.646552666285
2019-02-03,5.207582766459385,60.09511237009845,6436333.224010294,996.4473238726995
2019-02-04,3.639063140446656,58.62882176723717,13475367.455091879,994.8343769520736
2019-02-05,1.7098046345232243,50.7390171894078,17218792.92621416,996.9223188703828
2019-02-06,1.4882229128497055,32.74702952495643,17542468.542209644,1003.27427490749
2019-02-07,6.511270849249755,32.75551669339769,17202863.930248342,1007.8929219847555
2019-02-08,11.922753239684566,36.51387066329616,17293833.13288387,1004.2483937925648
2019-02-09,11.86487185929665,48.150103697686355,15898518.292870618,1001.0330214773072
2019-02-10,6.375294372255065,52.03635489646248,17995731.25404318,1001.2005488097434
2019-02-11,3.806459859910395,34.886714387987,17505089.31193587,1004.8540295387081
2019-02-12,7.9398181405289066,32.965313621582425,9480829.294717953,1002.55784969263
2019-02-13,7.423794291652653,41.6768539812053,14243589.930972267,998.4712920740621
2019-02-14,4.950055032704688,63.75810185376299,17220111.721793354,994.3509058932633
2019-02-15,3.708187604019125,54.47045316131498,17463612.26387461,1001.6686054746081
2019-02-16,1.7694400440433269,45.674625361909385,11849675.184882794,1003.3542629607734
2019-02-17,2.1649757568953483,45.25534028842684,17674819.68818186,1000.5387596526389
2019-02-18,2.330567970144474,33.21912063792083,10850607.379724475,1000.0790724837385
2019-02-19,4.121626856322907,29.86069624076214,17122850.68477439,1003.4340290147585
2019-02-20,9.335117171971808,42.79459766892129,16743753.261697544,997.1957276965915
2019-02-21,6.771309609963429,44.43320076206574,13939150.280696811,987.8537906504001
2019-02-22,6.605588284401909,33.20642032291916,12458669.94160203,997.6702305825542
2019-02-23,8.557032922587599,35.53787259107976,16663365.502697803,1008.0695623670102
2019-02-24,12.149803434470149,36.29559681840739,11063902.256647028,1004.9594533927716
2019-02-25,14.444778110541424,41.85501078956755,13333112.593129769,1001.870304525231
2019-02-26,22.03436937735172,48.213522156445045,13798125.452772107,1001.858983473073
2019-02-27,18.96651510295156,48.20737215727895,12428395.7284266,1003.8947791811553
2019-02-28,19.841954677818883,55.90617147858882,9612151.643496966,1003.7388049203607
2019-03-01,20.079926773921926,54.281526276120104,3807112.3494757223,1003.01096844502
2019-03-02,8.158693971121664,62.74300938417681,4944501.093572521,1000.7525509456682
2019-03-03,3.56707902381978,58.457569851792144,12392947.648154732,1003.4759804307847
2019-03-04,3.7406069431828404,51.47401365449742,16728035.751930201,1003.313775983847
2019-03-05,14.881336154783238,50.19613672672742,6739087.529753566,1000.4139342654387
2019-03-06,7.657489425441224,61.42977073984726,3506938.9056399157,998.1859416644935
2019-03-07,4.88633811557545,54.83584019255095,15261.096656512444,1001.4831106778616
2019-03-08,2.1827471350101773,45.21994342343078,10633774.400702775,1000.6568002606682
2019-03-09,3.988230846108747,45.27043004565116,16402554.714286992,1000.2519626992747
2019-03-10,5.3055416084170295,44.15465871943489,10296837.62097369,998.0410354127046
2019-03-11,8.126075510068647,42.83531415516907,11566182.305226456,996.6575167096024
2019-03-12,6.892963487030388,41.39492042044007,19278.08636960442,991.4516349136613
2019-03-13,4.778355031917984,39.24392548100472,14965107.490326708,997.7666673541206
2019-03-14,3.5342951962708558,27.10498496576228,10957855.508431982,1003.82141923005
2019-03-15,3.608637332745653,22.603620774279,16403033.898323892,1002.9301095744055
2019-03-16,4.296575176272312,20.8721027793775,16345578.916681988,1000.3454590334901
2019-03-17,6.057494957506158,25.579294409439377,12898560.223132245,999.3265165270984
2019-03-18,13.11380529585975,37.8889019851248,11446990.077841403,999.0279883153693
2019-03-19,24.510090348245082,48.14209527627126,14966.928867876879,998.6356597341126
2019-03-20,8.396407979386527,50.592463785622854,29388.67684360568,1000.8907600090032
2019-03-21,4.05911910189017,50.736554595363,10994146.323257053,1003.566840573012
2019-03-22,6.140611079339253,48.01058974326071,14607022.30401234,1004.7937172485014
2019-03-23,7.722801704754737,49.61817556027446,10354576.485530948,1004.9148400925878
2019-03-24,12.030296127511276,47.946933294585435,11126823.788137894,1004.7489053383312
2019-03-25,15.410374902512562,44.51898925411856,12721662.542850135,1003.5866656429715
2019-03-26,14.198487814214138,42.3854034312401,6048029.141267795,1000.8126693620404
2019-03-27,11.210235223112656,49.06547706468702,10315543.080617635,1000.942268122277
2019-03-28,3.757924177471225,48.961849049168876,3669318.973560301,1005.6690918954116
2019-03-29,4.8976152447614085,41.69085020480782,12368865.422048097,1005.1912005080115
2019-03-30,7.6133755725698755,34.03916001478978,9163629.18422447,1001.3746656852187
2019-03-31,8.105459729994529,28.046695934760315,12584599.38778234,999.5638620181269
2019-04-01,8.74930782667454,28.210194785442216,8714641.47925799,998.1291582639078
2019-04-02,9.57498497951205,44.60513371853863,7917111.362103767,997.3323913007695
2019-04-03,2.8050948587974727,47.450768988522874,10553106.06866729,1000.5893954820759
2019-04-04,4.259644785003899,47.83472917248972,14926323.819542099,1001.9470980107671
2019-04-05,2.0849152120064662,46.14988473997178,5919412.016210772,1000.2202181432514
2019-04-06,4.6082984152775115,47.645865022981674,14020417.766872399,1001.892373317327
2019-04-07,8.03937778068798,45.75822913419285,57987.26791489096,1003.9149747743242
2019-04-08,10.009252212110823,39.20123714464376,72382.94808944625,1001.2617227096193
2019-04-09,8.277593229692556,41.37497810615344,11578264.078220803,999.5954626865803
2019-04-10,1.666565170384317,23.30721635758752,6303880.404146094,1000.990017606366
2019-04-11,4.3468405617107955,29.710699033086197,95990.66414716099,998.6919123893974
2019-04-12,6.120663634981039,37.119213695688096,14400597.521412937,992.331995037339
2019-04-13,6.450537207919514,37.31078181315757,15459667.44738701,997.6531512486025
2019-04-14,9.374410731987581,41.320072799796975,15431089.647619126,998.1844972381022
2019-04-15,13.39911288255925,44.646274953524355,19640465.440119732,996.7196622930092
2019-04-16,6.4947739015758374,46.66080219380671,19088955.89156381,998.5236877550622
2019-04-17,6.009981707530529,45.13931475655753,13597558.413244672,1003.3539822956022
2019-04-18,8.83025873053936,41.30836550243795,4403319.490560222,1002.1784477791364
2019-04-19,22.599277646484488,47.804913839172755,42129.567455798504,998.4320380303604
2019-04-20,18.21431999695439,49.331413691992985,6668226.108328256,998.5485632127394
2019-04-21,8.225077466792191,46.068529039118836,8371917.2337376475,1000.1227416324032
2019-04-22,10.585034132099645,45.59266091063203,11919033.448026823,999.6529241043987
2019-04-23,13.888144245948416,46.85479698739564,2751705.590887233,998.6000564801411
2019-04-24,17.236415265774568,47.695648086363526,6725366.514366159,999.5985794461876
2019-04-25,23.001727484087528,47.22347721884383,8589555.895350141,998.8061599376113
2019-04-26,26.793054120407085,48.828227178300374,3547953.210151879,998.9679845987281
2019-04-27,25.23960307587205,50.41831315519035,5962918.952807147,999.0355914868185
2019-04-28,19.061297768634336,49.88443045584607,15294267.68511598,995.2944271127061
2019-04-29,7.1059192972316705,51.53217218050201,8940151.50998498,994.4644934972857
2019-04-30,5.40053176251469,49.575568299403336,56028.24829651348,999.5128538349004
2019-05-01,6.700353019316918,45.081985018184575,6634136.172799277,1000.1929891688484
2019-05-02,13.4820210772367,49.20348228021003,2325009.550872187,1000.5233033243704
2019-05-03,22.241364200818012,48.025976037810295,46051.01787895938,998.7987231629916
2019-05-04,24.640871238675917,47.16052801079306,11467503.87246717,996.1811195975339
2019-05-05,17.29176637987076,46.515073297961955,3423870.6735463347,994.7485626874391
2019-05-06,6.13128300948232,47.979469834731965,4638994.016260259,996.1875658448959
2019-05-07,4.582116391170551,48.942193884573804,9618139.933560321,1000.7525072467955
2019-05-08,6.968224622122603,49.19390819350454,5753094.969347523,999.0695366846682
2019-05-09,9.582046763713835,50.69087956781792,900496.9524376991,993.9919593652858
2019-05-10,6.848123873041558,51.11430309216659,12031123.303970302,993.1237237875645
2019-05-11,8.465749565253072,48.94781108968815,5624027.4219580935,996.384901525636
2019-05-12,11.565986397793663,49.88594830604976,1338876.4669209872,996.2281111556442
2019-05-13,17.366057435323658,51.780711295751566,1369548.0709693518,998.3221832439632
2019-05-14,25.312129300643534,50.267012983362996,1335149.2549261157,998.1927063579811
2019-05-15,19.3422621906805,51.64582906420107,1323679.755750013,996.508131153622
2019-05-16,4.868869981201115,51.682892099051436,1307713.6568531562,995.2934490441096
2019-05-17,5.100909339090466,43.41567377454737,14251.137706387683,997.7660519525992
2019-05-18,6.718792367743055,44.500590739410306,14255.675614934207,997.3249868741225
2019-05-19,5.561992549556182,51.778596770411305,6276299.199358499,994.7666652813601
2019-05-20,2.8524594767956155,45.35187336695785,14397322.122454185,994.6922164771325
2019-05-21,4.440557472081388,47.21771658334156,54576.63966100682,995.2389457072499
2019-05-22,3.2488765350748308,44.89711352066692,13773.342646242278,990.0064204448537
2019-05-23,6.492755641146533,50.804587540813266,41647.859909163635,995.8229282501004
2019-05-24,6.164716236328461,46.940747651254256,68945.64648107928,997.7012648300204
2019-05-25,8.789572321331539,47.83407946018037,41663.707821208365,995.9887775295217
2019-05-26,5.745664146459437,52.20354735388888,13724.392028261653,996.1732489800345
2019-05-27,4.065226812973863,46.15032694188762,13678.024825546407,998.5241530268095
2019-05-28,5.872972347784602,44.6944272184523,108466.95400283318,996.4483869025992
2019-05-29,10.415453359671789,45.821481585921546,13657.377769263137,994.3098123682026
2019-05-30,22.51222837427059,48.088911872325696,13476.531544564943,995.6194589761385
2019-05-31,26.806819424963095,49.39576748802849,42547.85714790357,993.4355569232617
2019-06-01,17.7432967049993,50.59848476409095,71.43777919336769,992.9283637723532
2019-06-02,11.48076117398882,49.56682211023571,71.60067061312373,993.7487633900441
2019-06-03,14.098831302007586,48.356609003466446,72.79573083023448,994.0749479985532
2019-06-04,23.896040118745628,49.50774307870145,74.03135716227739,994.2902491759091
2019-06-05,25.93870718374072,50.22486604183579,75.57535998565159,994.7245263931758
2019-06-06,21.76102181354456,50.54994946321858,75.86074747026267,994.9741372379904
2019-06-07,15.228440353423085,50.05970691378676,75.00991601793498,994.3501795840746
2019-06-08,16.421883756944073,46.42783570409426,76.63436107084615,994.3045254601559
2019-06-09,17.958712722517824,45.063863389676534,78.90328813607863,995.8785002271437
2019-06-10,12.885901171685992,41.98479649497143,82.06078661868467,996.7225749330432
2019-06-11,10.911693087554477,42.33253193958246,82.94503804954536,996.1205896136241
2019-06-12,14.417793955746301,46.883109162173945,80.4125338137101,995.5608062586352
2019-06-13,24.038930640725667,48.875175600715586,76.0214248003956,994.8337208239645
2019-06-14,18.723059085195114,48.85183844707036,34113.009685215606,994.8883317750616
2019-06-15,19.757778522082397,48.619426902045895,75.38660627128928,994.7158050516047
2019-06-16,19.532470550298786,49.94691230788863,75.01844849028399,993.255535137275
2019-06-17,11.272960873876132,50.168850803396666,74.72485932513585,993.2218717751372
2019-06-18,16.07139321272916,49.74012746853643,75.25106079438281,995.0073845003751
2019-06-19,18.23216815238242,47.72897796428329,77.16780994460944,997.3136593018868
2019-06-20,14.252302299105255,49.37868949727282,75.23910088869043,997.3899260555568
2019-06-21,4.514074715676663,51.68184354488011,73.787543152859,996.2587203309484
2019-06-22,6.401533118149751,48.9395869678004,75.4798454153146,997.2898489744864
2019-06-23,12.46731446007743,48.738855131101126,75.92121096020315,998.3874224775603
2019-06-24,17.314853193452592,51.29732674755098,75.38545252474167,996.7281773333285
2019-06-25,16.31851180514611,50.59995997159543,74.38601413883488,995.7534858613863
2019-06-26,12.07729595567128,49.773951014224245,75.18319177950679,997.3988523484303
2019-06-27,16.07817783412958,47.947838212303076,76.3715829335048,998.6462109341122
2019-06-28,17.67964762253073,46.31314760096084,13906.08087431574,998.5610359312562
2019-06-29,10.955942963201583,42.82956789474562,78.67340359045251,998.4825888247316
2019-06-30,9.064254603558084,40.05601133131058,80.48402537233703,998.2818114536915
2019-07-01,9.470539117491588,40.95651192432726,80.01815087185693,997.5330483181699
2019-07-02,11.434825327112653,43.208163277526786,79.35513443099802,996.1297047149219
2019-07-03,13.148846178840344,45.08503498021972,78.51567528024256,995.1706844159157
2019-07-04,14.420857603521199,45.600164679871604,77.86224370291835,996.6624954341983
2019-07-05,42.517129956638556,46.861129143493415,77.3455225821515,999.1385442204489
2019-07-06,22.290237599628476,48.3729943980551,77.36511685038487,1000.1467195338656
2019-07-07,19.732470419501734,48.55428672095547,16571.849569420323,998.6392807797246
2019-07-08,15.28565128567134,46.61943849911504,76.24344521240367,999.329904083828
2019-07-09,17.63747154821157,45.0346614333915,78.26749939337485,999.9741279544306
2019-07-10,19.66484668671697,45.982655372713076,15456.851679375242,1000.7255570385705
2019-07-11,16.34733150508152,45.03574195978597,80.79943297422264,998.1632685124663
2019-07-12,19.102166767161513,45.0516033111985,82.18722924119848,994.3972636185098
2019-07-13,19.425943842679285,45.83886582730941,81.30930191494224,994.8500663884307
2019-07-14,27.65931875461119,46.34552040044982,81.35027758838385,997.8951802972583
2019-07-15,27.045496984191487,45.717624222636026,81.24103401350477,996.1615039338221
2019-07-16,19.05209756534175,44.90742207642041,81.62367514217634,994.4806022101362
2019-07-17,15.336575286536926,46.48613189072757,80.42826138319772,996.7008545233534
2019-07-18,14.945576499623877,46.22702747187081,80.01735567608675,997.9958191683984
2019-07-19,9.98839325385314,45.5453200763804,78.12887825995152,997.7992752553191
2019-07-20,12.831176796786004,45.59148442118042,79.4716258894529,997.1816180836634
2019-07-21,9.105166809977332,45.4653370092165,79.8407177760669,997.2398397071543
2019-07-22,14.214031510478945,45.86601337141882,80.7408172688787,998.7767724947838
2019-07-23,12.988622791174596,41.543126534696555,84.95964260766219,999.1156392481666
2019-07-24,9.954724813237418,38.345027011426964,87.003614922538,998.3519484525003
2019-07-25,10.007999381681731,39.65157814053011,85.90551641261216,997.9558972771799
2019-07-26,11.15622622923381,38.27079258327076,85.70130724215551,999.1629987101041
2019-07-27,10.603959534342621,38.40465558606192,85.0901898695784,998.9918200936646
2019-07-28,12.670909360001914,42.74124318277262,83.09318820604283,998.2752708391546
2019-07-29,22.592334756947132,46.36277982682703,81.44062327474964,997.1921359508423
2019-07-30,19.42302818726796,45.99772845315723,81.47170270256154,996.84428224466
2019-07-31,21.82498746049423,47.437231519565024,81.01679700006878,998.4624741538744
2019-08-01,12.13545449368063,44.314566980694465,81.03961691500822,998.7873735989438
2019-08-02,8.595717674102609,41.99934311994439,81.92475796225601,998.0966883172526
2019-08-03,12.339806270398336,42.45745142878524,82.59150638527414,997.3037696175503
2019-08-04,13.917017116230646,43.875762464111745,16047.502288884272,997.2419666231899
2019-08-05,15.392354152574992,43.28759856593094,81.9556301289968,997.1583208645617
2019-08-06,13.150502209714132,43.845321120892166,82.06777333994786,996.40851975161
2019-08-07,16.766727627003522,46.1219345170156,80.69106841905901,997.0412974100826
2019-08-08,20.528759544433655,46.57940110396107,79.3602225745097,996.8088954090183
2019-08-09,18.237053552839136,44.25096373871239,80.5419290380245,995.7008496493703
2019-08-10,10.899834319625494,44.26346340306189,79.38026254365195,996.6996864771246
2019-08-11,8.207260359234315,47.37364813373497,79.82259740844886,997.7973706569326
2019-08-12,15.074627285935504,47.361142047919586,79.82770981172855,997.9019669878817
2019-08-13,22.96033052796764,45.31385509999716,80.84404337411085,997.4799676849127
2019-08-14,18.77667441391837,43.2957569223858,81.29949897758082,997.4996688056739
2019-08-15,21.643143979575996,43.11911856909528,80.61366090270855,996.1748570546006
2019-08-16,21.789717980625763,44.27222554196815,79.91618779860529,993.465150181455
2019-08-17,13.75407922809046,45.24330757050053,78.80925617814086,993.2257146707714
2019-08-18,10.661242486663332,46.30506761618587,78.74216890084475,993.1091441707234
2019-08-19,15.326200534360215,46.58822442342931,79.31386957932577,994.3748746968093
2019-08-20,10.571107032180832,44.02753949700469,80.65982080896684,993.8867013449367
2019-08-21,8.760527642010452,40.14078119086007,82.5844919296187,991.0938370950068
2019-08-22,14.231468252940227,44.35521578512538,81.12040822174792,988.9526456937483
2019-08-23,15.25144647961098,44.91335072941757,80.41662060318365,991.2025912231129
2019-08-24,13.673430184194011,44.23620661552532,82.98036871132334,993.8603086535617
2019-08-25,13.278685996237407,43.14952848514622,83.54849345413113,995.1169403686526
2019-08-26,10.066204281664445,39.22611185656757,84.94718329707008,992.3434321931637
2019-08-27,10.485528547224341,42.72333829021731,85.23244501901789,990.5079489478601
2019-08-28,15.599241567326557,47.02831573661343,82.70533653346017,993.6464012086286
2019-08-29,12.893462567613447,45.934745340187874,83.48001478433957,994.4759158981561
2019-08-30,9.882492299569806,41.95301526265339,85.0965565903967,992.5783580061185
2019-08-31,11.61982136450716,43.8819857745104,85.384574247161,990.4176677972372
2019-09-01,16.379280939643834,45.783922014697325,85.06047370223142,990.1161271508751
2019-09-02,16.190741413261783,43.944132010734066,87.408074687533,993.4272091111332
2019-09-03,13.196144241149268,42.1420548676338,87.72577837548607,993.9848340512077
2019-09-04,9.077134117297371,38.46460431883147,86.72926218497918,992.0946515718925
2019-09-05,8.444934156825154,38.55855670877055,86.93106769227641,995.6410637487088
2019-09-06,7.956224660911144,39.99904002225529,85.74639768784931,998.3525913903103
2019-09-07,6.934972621292445,39.592929222112666,84.38073554414014,996.4509869087366
2019-09-08,4.258592468476002,42.72261261051792,79.30677153287093,994.6163280973644
2019-09-09,6.798592269516255,45.39970893614491,79.01614946079104,993.6751998992743
2019-09-10,8.691241069865505,48.3408965017362,78.28060067825383,994.4259275038467
2019-09-11,10.538892277192721,46.97973822614959,78.76570387168069,997.0302384992552
2019-09-12,10.509392897465963,45.006785640464734,80.91499574049837,997.5110035894639
2019-09-13,8.559170887656316,40.55883579872383,83.84192151277408,996.4660682738885
2019-09-14,10.079964817913087,37.98696059768635,85.32380220580728,995.3619640329614
2019-09-15,16.880536139292758,43.72157794532499,81.9805851279694,994.7056598702642
2019-09-16,19.738770592291445,46.095555171664266,80.16453860488184,995.4426415110755
2019-09-17,12.026488027902065,46.39957633162139,79.0971464574099,996.1976612682146
2019-09-18,7.529108443097139,46.07305613101714,78.637761697145,995.2422869175008
2019-09-19,7.075925168594947,48.105800777387934,77.83553872405986,994.0247115308524
2019-09-20,6.960958590547297,46.43903931682855,77.61032680255391,994.1398284651503
2019-09-21,8.232427830088813,44.05963917571673,79.52902125644594,993.7198792814634
2019-09-22,7.996366641319063,39.00836215246138,79.96984517904716,990.679348201685
2019-09-23,11.23984836688638,46.964234639865786,77.51659467753709,992.232173013103
2019-09-24,15.36691140184003,45.55903163250011,77.86698128088288,991.3758880320514
2019-09-25,13.176601086780284,45.94962567175003,78.9507707449142,988.7499028046152
2019-09-26,9.636244195087583,51.35802759089835,76.57004205061534,993.5733903745643
2019-09-27,7.35439963423259,52.13977578713459,74.78563561457388,992.4779302736771
2019-09-28,4.948701897318723,53.54295806717798,72.8829080087277,988.6400073726273
2019-09-29,4.1847936323193915,43.63684991233656,71.58408628875628,989.6545736267744
2019-09-30,4.579784569450609,40.46795038946519,69.72568667405581,990.7133525575641
2019-10-01,4.636059062290771,40.19441742654787,70.30021341052912,990.2294962641627
2019-10-02,6.1560848974821605,38.557822472526006,72.23852176900961,992.3751811711841
2019-10-03,7.565208645929205,39.44550937815404,72.42212237464885,992.6508077999767
2019-10-04,9.21851786962358,42.45484821299346,72.12160859002117,994.5807818440084
2019-10-05,12.008204014160349,39.78414930032631,73.80918712289996,995.3647436614615
2019-10-06,13.400990043832726,36.84742403792396,75.10942675227454,994.6539630560869
2019-10-07,11.722643461417434,36.77453509546,75.93388786005944,993.4198738627426
2019-10-08,12.430138347917966,41.9045825616421,74.51912429251318,990.8125829558177
2019-10-09,24.675015519926315,47.506861215831705,72.9571926802406,990.512557556623
2019-10-10,16.00698302285573,40.32232998389988,74.45512492903642,991.65779546615
2019-10-11,14.463927928952646,19.586391063916317,75.7643580838506,993.1790352170872
2019-10-12,26.47824260646891,24.36461973962879,74.1358725315802,991.0405145032292
2019-10-13,20.72515664938984,37.96130238120959,71.47551209774598,990.6641304227194
2019-10-14,16.15589494453938,46.27725194395013,71.5708603724788,992.6500408926661
2019-10-15,20.548699085063053,43.35452835546193,73.47425057310053,994.6009229592352
2019-10-16,13.372012505128627,35.54796640399896,13383.628404805866,992.1798814961932
2019-10-17,16.422457759881926,45.46100982548832,73.95658315431598,989.1308540360934
2019-10-18,8.685179023025846,42.04604442423838,72.75302895926605,991.8132485799077
2019-10-19,6.871619211904108,38.53239964744269,72.56173262209195,992.205390659056
2019-10-20,8.35015958347719,37.37785436852387,76.3671967484644,990.7933382434321
2019-10-21,4.95090244773946,24.490005024655567,80.23385138804663,994.1208866604276
2019-10-22,5.964514267178872,23.78271574385167,80.62017434531978,996.4453717289373
2019-10-23,7.946126647920163,26.59608074043379,79.3378322097052,992.1422899351279
2019-10-24,9.250919160508264,23.533628903643248,81.41797472125212,993.1586796099909
2019-10-25,5.09965824892456,14.510621207383767,81.33359329062577,994.7208844099928
2019-10-26,6.708913521056191,22.940642762142645,78.31854872275179,989.7085875058173
2019-10-27,13.346910584459227,44.51377309371813,72.29141386702477,987.9988146711682
2019-10-28,13.685217851910448,31.46111804133291,70.3862039244447,993.8609822882646
2019-10-29,11.870929866021763,33.913490055766424,68.03924249657261,992.3167203127796
2019-10-30,7.929170869207033,27.01213062345291,68.46482681967613,997.9621389613055
2019-10-31,12.462905869124425,12.696410219560619,68.03419719451418,998.536392920888
2019-11-01,7.068680464957972,16.548944826084934,69.77594998878489,995.9617496147832
2019-11-02,20.244645965658343,23.430675365597143,70.08726033581839,994.8112261660982
2019-11-03,25.162719015506998,27.997723062034208,70.23683696826637,992.2273500586938
2019-11-04,23.778751070338664,32.12134076278455,70.41701505442897,991.8773963490581
2019-11-05,22.652014085183186,36.430802643998334,71.18574221684787,991.968557047893
2019-11-06,27.836684944923448,45.1385086948928,69.48841376407901,992.1728105924365
2019-11-07,50.12061199164521,47.127952546177696,71.22106684325449,995.5113702313613
2019-11-08,23.842870578576463,36.89513681746173,73.81890425642214,996.3391614820906
2019-11-09,9.855216064555853,25.472078850322696,75.91801488438487,994.9290213141467
2019-11-10,22.60773871605939,41.134368030346046,71.60213570939969,994.8451132483933
2019-11-11,38.73666779270321,47.306061604619416,71.56404472736561,996.0392671797592
2019-11-12,36.80640567987046,47.72211430621679,71.2117373723388,997.0406816892875
2019-11-13,37.356534046144255,49.284774807752804,69.86870403718864,996.0372575960497
2019-11-14,32.97689181009412,50.414353649847456,68.95242555978355,998.302551691419
2019-11-15,22.539886194881618,51.237171975370124,68.60714133126343,998.3070602585128
2019-11-16,24.127526645808054,45.21019135604423,70.83384688457696,995.3060301752625
2019-11-17,11.790397000672826,29.291816326532246,75.68247163687057,994.6571491355455
2019-11-18,4.413965472395584,20.802213679708473,77.00974619655815,991.7916212978804
2019-11-19,11.498875614269942,34.77068059208819,72.8113438636344,986.4723948660859
2019-11-20,5.309242931193242,50.39749131479014,64.81778046158128,981.5536317298199
2019-11-21,5.811413265369044,47.53801296624952,65.2381635947262,990.9676386455432
2019-11-22,10.544078420615078,45.9944508249081,66.83432482139335,998.79096704046
2019-11-23,9.013962541455854,36.791058932398336,68.47689037144329,998.9640896709076
2019-11-24,10.013472242463866,31.603884572991838,68.39610900870058,997.5345045990406
2019-11-25,15.624378929764127,39.502319450953024,66.13716923778428,991.85214461512
2019-11-26,8.47516547397239,30.63665329035413,65.43560805438244,991.1659660481035
2019-11-27,6.820159289669644,45.58520831871275,61.443225744403726,985.0255201535325
2019-11-28,4.91418925841727,56.97107110469915,56.927532064223755,983.6782667545632
2019-11-29,6.076780526419763,49.67169264980282,57.26369653690848,989.7301744043663
2019-11-30,8.222952039843632,47.85676039052799,58.834595475387616,999.8291370496162
2019-12-01,7.810382191444152,42.16537148464675,62.19972397500352,998.9871553759393
2019-12-02,11.686350662327104,39.86877123191093,64.55497208913616,999.6773519016642
2019-12-03,16.32698499818947,44.612139664177704,65.54280499413414,998.0711528325569
2019-12-04,12.979375356805916,58.14041027233597,65.01088559179307,994.5399261964521
2019-12-05,10.292186291555954,54.434803847583176,65.79430343701044,999.4375550847927
2019-12-06,11.676297050582923,52.307398818933365,65.78525156962972,1000.7151723131909
2019-12-07,10.244637948314105,57.90798157073202,67.75216374446772,1000.6106103445576
2019-12-08,10.829588943068876,59.15242849988223,67.18379322500516,998.1264773685597
2019-12-09,9.470165121529037,51.91696062643733,65.11167306136585,998.4813421269679
2019-12-10,11.740593037270681,49.378436998791514,64.12952580928419,1002.8376619088078
2019-12-11,15.068053860531908,47.79556340998266,64.16278765180328,1002.5431780756769
2019-12-12,23.4771996100529,47.50120345256746,10760.850972239172,1002.5580298401896
2019-12-13,36.55746812464305,51.9967992597675,67.21512291615791,999.6448179142284
2019-12-14,36.82477492737923,55.091356406869004,67.11014511396736,994.8613692909221
2019-12-15,5.148365058820242,36.63017515452019,10369.479551233248,996.2566778904584
2019-12-16,4.021931764723594,27.72744507180396,62.73814270896917,1002.0121839860104
2019-12-17,4.331804466715306,21.40900793187067,62.1856378030556,1003.2058355951268
2019-12-18,4.975359179510516,25.166922600518003,60.511262552171935,997.7479012078649
2019-12-19,12.913368568632361,32.57057231875443,61.3544854190165,998.8657290065506
2019-12-20,8.314525606783116,27.449334542363626,65.34153301170683,1001.7942056804844
2019-12-21,8.02614128890766,27.07198861547035,66.22476606455913,998.8674937486518
2019-12-22,10.919159178314208,34.319652130963334,65.1358770950438,993.461854334792
2019-12-23,4.486573696550977,55.967644589866765,60.48651558217911,990.0715549702849
2019-12-24,9.92598459120989,51.38004918375685,60.33813460692607,990.8870294165716
2019-12-25,10.46080898439652,49.340229444964045,60.063942624098765,992.5772010268711
2019-12-26,2.8386681879373667,53.47987874134708,57.01918976475727,989.4907394189902
2019-12-27,7.51675206640995,43.02108743142402,59.394765164535976,993.1757792063472
2019-12-28,12.031394149465081,45.12701764224243,59.50627321800859,998.15946282146
2019-12-29,20.75452098463845,48.44104196345102,59.871286145970004,1000.3353231735222
2019-12-30,14.32579418341164,40.401133134057496,61.91536152808561,995.1940312025077
2019-12-31,7.6328015263840205,31.25701396720302,66.00985122227122,995.5251748613348
2020-01-01,20.14130406639288,36.62141571071203,64.10304156316768,995.988347860882
2020-01-02,21.789320954972478,48.08621407290175,64.12045901129893,994.1599156667934
2020-01-03,16.431207454111274,40.93030335267915,65.6107957877029,1001.9620238232218
2020-01-04,23.194447519492744,43.624956976752244,64.29215296809457,1005.6083148658208
2020-01-05,21.129309701310316,42.949321287292356,63.75766402413201,1004.2473246348289
2020-01-06,10.668919282368018,29.4733713404463,66.73723988986188,1004.1518932502091
2020-01-07,3.023057022816145,25.26213932909887,11553.78370318023,999.745445391619
2020-01-08,13.42035832747276,45.21741122144742,63.37734393126386,995.3895003172677
2020-01-09,9.25101584967028,44.80890585056322,62.192587178987495,994.2806699293395
2020-01-10,11.492388439348908,42.7796297652508,61.94783909309415,1001.1417461164983
2020-01-11,18.67832673533903,46.80402411589661,61.24589200163096,1000.3626380485545
2020-01-12,21.941356296190207,47.31116091199243,61.84792789333835,997.7725766508858
2020-01-13,26.101472226837046,48.0259202699827,61.9427595948308,998.1827058634055
2020-01-14,28.90775466806213,49.16691531258687,61.393165308624965,998.4706656186972
2020-01-15,42.33484365678919,48.21058005178053,61.59469793198242,995.9874862289415
2020-01-16,42.696939312678424,49.243750627821804,61.081719786588586,996.6037151917009
2020-01-17,6.30936325272015,51.025679783561415,61.68994741640794,1001.760792891079
2020-01-18,6.728637460911646,37.59321092462275,63.18248815300704,1002.0522140012805
2020-01-19,5.963982261004744,29.859910420009406,66.1619324696975,999.0697511582521
2020-01-20,18.170864437655382,45.11477329261793,65.48837897610898,997.8001588117705
2020-01-21,9.257210845246355,51.7587466491688,65.04656423424284,999.8398769487347
2020-01-22,15.900838486100511,50.719238485063315,63.88774729376267,1000.9782796880908
2020-01-23,14.449404302621424,46.40540091185691,66.23758589225433,999.2796591008678
2020-01-24,12.985645192368755,43.503034735299956,67.23764696184963,995.7516018030344
2020-01-25,36.756793135941784,48.82071586451686,66.18615293417535,997.1346849577487
2020-01-26,48.72516236300276,52.62671223199526,64.97146551659486,1000.2400217267113
2020-01-27,32.016255872010305,46.495600812397164,65.90318007250073,1001.8126343159913
2020-01-28,5.7586122422098045,32.91769969092305,68.33294118376689,1000.2377241481081
2020-01-29,4.638074713469918,27.804763861047057,68.19200026917513,995.8516332786994
2020-01-30,4.116444479744887,25.548687625938744,67.57820624494228,998.4887601577805
2020-01-31,6.860375912271896,29.923421807415323,69.3924100606804,1001.9370221498522
2020-02-01,5.579126067391357,28.22607767952323,71.75164841304557,1002.0175331272922
2020-02-02,12.728239737861239,39.80629356066291,67.91584301512282,994.2784762246089
2020-02-03,2.4866702423808076,22.099005807019214,61.46036485303048,991.8514802998629
2020-02-04,2.29120970271563,16.270998306574697,59.10464900349642,998.4469819823939
2020-02-05,4.052204698752624,23.268953940176168,59.731361216749356,999.77806005118
2020-02-06,9.717465048109636,35.06998078498524,61.87147546827395,998.2529895062839
2020-02-07,19.460424580302643,42.04700313728664,63.54667317678202,995.3602000109604
2020-02-08,28.04620528010731,46.439482643702874,64.32340318801637,992.6962105645194
2020-02-09,18.125417703625775,50.57724016750616,62.69993076530251,987.7342221030187
2020-02-10,3.0434201013268107,29.375902533469212,67.19763902559356,987.5567240763814
2020-02-11,4.09675401285704,27.394264145231837,67.4663958985462,991.7606752508123
2020-02-12,6.277840250479399,38.32393780037895,63.98211850023359,995.061360893536
2020-02-13,13.75074983017442,43.02770377754504,64.4109777901997,994.7911385063617
2020-02-14,14.580999065783065,43.482787750947615,64.32169564504734,994.438433213782
2020-02-15,19.631495000203767,44.19941181913919,64.4929905736034,997.2223725955015
2020-02-16,24.50934556407339,45.996289784524734,65.36258899975107,995.483851297523
2020-02-17,25.762693938446848,46.93357976905504,64.53950350377131,989.0723558220081
2020-02-18,28.917844238373792,49.14925459996821,65.51327971153525,989.9892522596389
2020-02-19,32.53070753637388,48.08449299288267,66.85074535110998,992.1575047521487
2020-02-20,24.42573992035512,42.3626209303941,67.52571977132162,993.1870366189478
2020-02-21,17.054292086872106,36.60129617984357,68.9028314317984,991.253318167824
2020-02-22,7.739114509084464,48.86768314494568,65.2129871349304,991.8094263602884
2020-02-23,10.91452045789625,48.77869280777451,64.59344900969607,998.04913956439
2020-02-24,16.965672593895434,48.486925426744634,64.82965700341514,997.2365050311361
2020-02-25,13.104326121452402,36.17155074893859,69.10749327422371,996.3888007304416
2020-02-26,5.363542763413053,22.397138299239327,69.56836230547776,998.7786643938507
2020-02-27,4.669568510726429,21.880438354202205,71.50371116603662,995.8064305915746
2020-02-28,4.158259775120388,20.929353202388512,74.20976352249174,993.9361818324295
2020-02-29,8.55130216241446,40.25859513453773,68.22618478761093,992.2249667299052
2020-03-01,9.968285446938044,45.69821865718559,63.324831998467275,989.5389451092889
2020-03-02,3.800873986324289,34.33003753315781,64.91775331956215,986.9291369445044
2020-03-03,2.9221794067813547,20.914334027706936,70.35570138493891,988.2264881127345
2020-03-04,10.028064182644352,44.22451726562849,67.2906731867079,994.0253187565515
2020-03-05,16.200961071097183,46.53823617438112,68.2682459545812,996.3391333672303
2020-03-06,18.713092463747614,48.722424475944344,67.0660952036737,991.7412285789677
2020-03-07,6.383087416230895,46.90188668156879,64.86141183504711,991.2031136465515
2020-03-08,2.7024184554680684,45.370912307902145,64.06325501260869,991.6772544138767
2020-03-09,4.070637178188599,39.85588934551088,64.8776695734203,993.3655825799258
2020-03-10,4.38723137254443,57.867519544914465,65.79211392064504,991.9170463314855
2020-03-11,5.328620153865866,52.689053942152675,69.08383203360377,991.8769418854325
2020-03-12,6.349798598380371,57.79058616623459,63.126905137306444,988.8702846735365
2020-03-13,7.920287348700886,60.57942062662788,62.68752100992151,991.3682590016701
2020-03-14,6.978028892687303,58.911395752774986,64.09331757862536,997.5649413078364
2020-03-15,4.852869126887156,50.64132313847772,65.08911149973179,998.5072535798644
2020-03-16,5.232181058142488,51.39530508631608,62.58536574787995,995.0439570176353
2020-03-17,2.6762329693940052,49.16509833340105,60.51907457232618,992.0800559268941
2020-03-18,4.60774364254466,42.70072085339594,61.15575727083477,987.3801051943612
2020-03-19,3.3727874483885993,48.17720801796465,62.215395354863446,993.4366591456967
2020-03-20,3.5416974696271413,49.20505998386663,64.27433497127889,1000.5074538416408
2020-03-21,3.6963286136423257,46.805218566779544,66.70391649399822,999.7238964037847
2020-03-22,5.017236062632267,49.014181926784175,65.76207683542303,999.1582681846315
2020-03-23,2.016965958836381,52.80176887977535,66.15122129711295,999.3095086475661
2020-03-24,3.7627063341223232,50.070887697274934,65.02575985460142,1000.5805574404422
2020-03-25,2.2978459999850274,44.62591259593915,65.24626770038789,997.4977138686086
2020-03-26,2.2015533493367143,38.39721931706853,62.30731481072202,995.1146739387456
2020-03-27,3.342083285333659,36.13145448976044,63.12500595502743,997.060727473875
2020-03-28,6.779061719958908,41.940941016311434,65.15664654107468,1000.1127746078256
2020-03-29,11.448482173405155,46.20784204645656,65.36403271928683,998.1079977712463
2020-03-30,8.764383604692101,45.50512247546007,67.46046340383141,1001.1122601546505
2020-03-31,8.814138751455364,42.91036178713204,70.01452972477097,996.8766846501459
2020-04-01,12.676169050510344,46.569029361082556,70.84380121180989,991.1474030344042
2020-04-02,9.204422476468963,46.74820316730975,69.79587301380104,993.4352070309635
2020-04-03,7.83531827170337,44.88409606072726,68.38712840502255,993.7887770222396
2020-04-04,7.999593001772272,47.31590959655543,67.29755972981951,992.1167258174571
2020-04-05,4.275721618679691,49.94833037276902,66.38832651469625,991.7033890742164
2020-04-06,1.864022957005346,56.890072079994084,64.26655331399257,992.151762239516
2020-04-07,4.407416067479686,53.01799854027098,64.19799122445347,995.9199532846533
2020-04-08,3.532104617035564,52.10278183766697,62.62619856590959,995.9458055993103
2020-04-09,2.715111039356985,57.798643811949994,60.36972379168514,998.8450433478191
2020-04-10,2.1510069651721526,54.314206006805215,62.28652755959544,995.8203532068364
2020-04-11,7.857788598602073,50.00873554268756,66.67183987452111,994.5402539338144
2020-04-12,7.8450762966366785,54.9335581500665,66.08667110668989,996.4169712691969
2020-04-13,7.1311747840159,53.604416756639516,66.92447567764212,998.664239773274
2020-04-14,9.544519429861602,47.701535328487815,69.03123171630892,999.4572677540386
2020-04-15,7.388189230064147,33.53080552571784,72.98169595145308,996.8303765897571
2020-04-16,10.755464453735842,43.395410308802006,70.78599577490577,993.4796281739962
2020-04-17,7.375755434275846,47.902131153404156,68.25672423427818,994.2752736745915
2020-04-18,5.559222523142672,48.51701823669946,68.02779625959481,996.8302375751092
2020-04-19,5.53809356745652,47.05226234579393,68.33670637062956,997.2186287951023
2020-04-20,8.082397216723994,48.81557384960741,68.46382989846167,997.3063707989769
2020-04-21,7.737343478853744,47.020436263395545,70.08206125918994,997.7690227986051
2020-04-22,8.685015599584931,42.04997355944853,74.00825973958794,998.392861266915
2020-04-23,8.281141620339538,37.1514041130658,79.24829951373637,994.5551957142103
2020-04-24,8.074511026457511,36.94265771000656,81.39886766065383,992.5252311450319
2020-04-25,9.100925482764854,37.72238288149304,81.38507362941301,993.0491491756339
2020-04-26,13.029803380739752,42.56611984676643,78.19962621068713,993.0187617354492
2020-04-27,16.899161336418878,46.14273196860969,76.54382460588937,993.994624368259
2020-04-28,16.590208564801788,46.74381936867821,16015.533035394543,994.732106598749
2020-04-29,22.688047216253093,51.32291134409323,74.87882887494554,994.8678989754035
2020-04-30,24.228430380259667,50.52586875485688,74.85302311188582,993.0028518754181
2020-05-01,17.269901035016915,46.237073514716606,75.51656267836987,993.096448812013
2020-05-02,9.755705344147266,44.49149282347733,74.99403985466027,995.0607129505279
2020-05-03,6.245685810455463,45.48052671235617,74.22369255703269,996.1298040876876
2020-05-04,7.128915473317471,43.12294380601976,9506.125968964596,995.2005727011419
2020-05-05,7.689277829404822,36.49278726968659,79.61030348097728,993.7559082741093
2020-05-06,8.488779502631468,32.59496243125811,81.40890749704805,992.0606907830057
2020-05-07,10.038990635349775,33.04053447763907,81.98187462002142,989.1085968638886
2020-05-08,15.875171349835002,41.6170132052418,78.91551490819266,990.1661917665278
2020-05-09,21.149650332057337,46.724499222202574,76.81878597722805,992.7063279868379
2020-05-10,20.691046678502772,49.347251353109996,74.33209819842946,993.6144377322644
2020-05-11,12.723452631777356,46.37875063740847,12801.672192413753,994.6693190902446
2020-05-12,6.494360700869497,47.23693325604965,71.15407845082504,994.3318575880089
2020-05-13,3.304137411389388,43.18628685460302,71.78074292305918,994.4657283793348
2020-05-14,4.715329717452168,43.528603447211346,73.43519736090914,993.850758136996
2020-05-15,6.857697025553718,43.58413354543072,75.56212178938303,992.464423749111
2020-05-16,7.263907808138983,42.06994917644329,76.87955699240437,991.3198417959943
2020-05-17,7.8028613701250364,45.20956746162576,75.9398548213579,991.9703566904084
2020-05-18,3.615102270502719,53.141782544540646,72.65140009128417,993.9832339124318
2020-05-19,2.9024585923485424,43.55184551323087,70.67969446335769,994.5350170970192
2020-05-20,3.5872243060437636,43.496056939751995,72.15604354794074,994.9960255463963
2020-05-21,5.180386681223717,39.90901015183663,75.2564793905529,990.9329210779424
2020-05-22,8.481989095543854,44.160596175765534,75.04915769244805,991.2701606425096
2020-05-23,9.435676099182738,44.162363662469566,11936.389379684117,992.8437595341499
2020-05-24,13.130594949704713,45.992062523532795,74.67900910419479,993.4272920306285
2020-05-25,12.703381970498027,44.752745418516355,76.7466730028322,992.443302009833
2020-05-26,14.688824365036549,45.039695501549076,77.92736682822628,992.3986377506191
2020-05-27,17.171236560627335,47.133258332211746,9456.003566654079,992.8594218032797
2020-05-28,18.06312768482311,48.89173199552577,76.07723433472195,994.1701372494016
2020-05-29,11.871857972665584,51.582839264665424,73.99736367109998,994.9453960854081
2020-05-30,5.091874989618319,47.46647518362607,74.16432744465217,995.1218283104182
2020-05-31,6.706788056103122,47.46142787386126,74.46614157721444,993.3122576334506
2020-06-01,8.616678334749404,42.72743487923825,77.36658546651528,992.885354259557
2020-06-02,8.040998580554364,41.360784334944135,78.54384687504138,993.4190431063951
2020-06-03,9.448584227009375,39.87115610173644,81.60317030065033,992.0100078568198
2020-06-04,14.014001953200887,47.53786430895802,77.75730879195075,990.4791455596737
2020-06-05,7.765822575630744,48.74230657502466,74.12706876026209,990.6310748531889
2020-06-06,5.726720440972984,48.24633900466068,73.8552126160331,994.0877775164168
2020-06-07,6.189038353757975,42.98945271234748,74.29246072769006,994.3827255445239
2020-06-08,2.019828155449148,20.005925250592007,79.08355206893312,995.7557315673315
2020-06-09,1.9843300389318994,15.547399733962182,84.24097141872687,996.8295232253366
2020-06-10,4.448181363894311,18.486528487819985,85.58120214012985,995.0497724017947
2020-06-11,7.1315640151168225,31.11281735251053,82.4125663578831,996.0824315338501
2020-06-12,14.439626429337931,43.07649586528154,77.00715532690162,997.9056813133616
2020-06-13,9.629122826177422,43.36731998756736,75.50614883420698,995.5814246018699
2020-06-14,5.5276736295161815,41.73459940789935,76.16065371543809,993.7076493313886
2020-06-15,6.400313271262714,44.225554683484475,77.02458398205705,994.4098604835616
2020-06-16,10.749174869453059,47.539780945117315,75.79582841660655,994.5819592406833
2020-06-17,10.261850948872803,45.873878967505746,76.55062218340935,995.0743331408421
2020-06-18,10.64882329143726,48.17765115377518,74.77353850523998,995.4618366184772
2020-06-19,12.353147021603512,47.39777289829263,75.64326487643208,995.1539654520134
2020-06-20,11.656795450469989,49.621612889432434,74.47171405055815,996.8569986903788
2020-06-21,13.86713205960782,47.843372534858425,76.38246835892552,995.912377006154
2020-06-22,19.515986297168823,48.775791975481724,77.42896714150932,995.7799050777653
2020-06-23,19.441883627489926,49.91957974052899,77.1807964031961,994.8383802684157
2020-06-24,18.350149712896652,49.358360434657016,77.01540579091925,992.4963156035442
2020-06-25,17.871961371777616,48.71259606047811,76.66972070138573,992.2201418442801
2020-06-26,13.810147385233403,48.32299359003863,76.89740377571574,994.0170037446617
2020-06-27,15.947679993303034,48.37424391102166,77.14066843055932,994.0347127867564
2020-06-28,7.342142992167842,51.421033322641065,74.75149177446902,992.2741661191752
2020-06-29,4.016993085165339,47.998899020576914,75.0237535546479,992.5514506380897
2020-06-30,7.485259928147251,46.58177805576035,75.34745184548206,994.5196677914387
2020-07-01,12.86360417636678,48.215041097025505,75.56823191237847,993.324223452725
2020-07-02,10.531760060144137,45.86257231566139,77.00861340345092,994.4677178937098
2020-07-03,8.975998634737312,44.27348724179588,78.2335250758718,996.4557971103345
2020-07-04,12.71412543323805,41.06719631855226,80.27054485701005,996.3449282202113
2020-07-05,73.69136521325369,39.057671454103726,81.93748585429041,994.840554588106
2020-07-06,15.023817842560954,39.0783084459338,82.50304925717411,993.0795017116238
2020-07-07,12.624926967360745,41.408859765550055,81.35666640906766,993.3635045890749
2020-07-08,13.429505470486106,43.334890824312794,79.7110353422602,993.336407048724
2020-07-09,15.596927789161583,44.37479183617719,80.0012867698955,993.8052805659755
2020-07-10,18.825520306794488,43.928858499746504,81.34111587520962,996.0102292840169
2020-07-11,12.203585107061542,38.78776957046445,83.83504111046598,995.9298520493005
2020-07-12,9.793586425137093,37.963881112971116,84.83799303530797,993.4994948622121
2020-07-13,11.25787435525298,42.86656821665855,82.74100872496003,993.5305753064223
2020-07-14,12.583451880973758,46.02137800294174,79.85356546307528,995.745190623767
2020-07-15,12.09599239898262,45.94745438572,78.31242417199975,995.8126702647612
2020-07-16,10.037971639587557,46.25200566398188,77.46150370681094,994.9452221664488
2020-07-17,8.599062641853482,46.41157391682544,78.13796239090502,996.649252546854
2020-07-18,6.523346253629904,46.355807744470034,78.39611536031771,996.8779732664875
2020-07-19,8.47211462793529,46.52401025256296,77.78479967430918,996.2846771837188
2020-07-20,8.848408362067417,46.217451689431854,78.03698197567392,995.5483102502881
2020-07-21,9.625362560083824,46.242167692215325,78.06410808836169,993.4541813801483
2020-07-22,13.281343553421783,49.44629123460629,75.59051955935304,993.8449096568169
2020-07-23,14.742623650347749,47.14738059266379,75.83476796032363,994.7408837113795
2020-07-24,13.165069626284739,46.89811700014524,76.56855558487385,994.9979092209869
2020-07-25,14.910213454060987,47.003539406831614,77.45978031821421,995.7581380857148
2020-07-26,12.488800178669107,47.00235914566272,77.37365274353132,995.8338629017719
2020-07-27,10.465612428390852,46.071824942167375,77.05752790563812,995.4935126608813
2020-07-28,13.473605678035645,46.52965431950233,76.89457878887906,994.7421810106458
2020-07-29,15.020182122582632,46.61342115193488,77.36499392478521,994.9300005831162
2020-07-30,13.856044011898021,45.72755051680216,78.35739404940301,995.9018252832686
2020-07-31,11.383629372511392,38.63370679262311,82.5460037929904,994.4803698669657
2020-08-01,11.201660138318335,38.50223854824584,82.3816765839578,994.8163101314209
2020-08-02,14.437976222025016,44.56239129200267,81.41738892268388,996.260979680815
2020-08-03,21.149049605683242,46.49068449234906,80.92483413260271,996.2314893218072
2020-08-04,19.840944396908544,48.49210884919203,79.09645592679765,995.8421899219655
2020-08-05,14.038736013327611,48.77685680679217,77.61349098718718,994.8514351410836
2020-08-06,11.690299483210328,47.491850863237495,77.01480312148163,994.056313400164
2020-08-07,10.259869876810155,46.13191148113158,77.4044848943703,993.952130134525
2020-08-08,9.869598186744426,44.64124238654265,78.05346079983346,995.6155648096227
2020-08-09,9.047237355505624,45.54727880381203,77.78271837324728,995.2942677835388
2020-08-10,10.337783217350859,45.79000453177719,77.50342911244643,994.9013044069575
2020-08-11,9.58080030281106,44.99133983749509,76.9147894759476,994.8492680296989
2020-08-12,8.746511443252011,40.98062599742148,79.07663300748264,994.5979732142813
2020-08-13,7.555234913790326,36.755965630805306,82.81998597268351,994.5836511844267
2020-08-14,14.957886255714147,36.70418703953833,86.12329190785499,994.0150895978668
2020-08-15,12.766616139332747,38.054679637928395,87.97282171030152,992.7894254647025
2020-08-16,13.087628738237115,41.264682721614214,86.93969019006724,994.3360522298221
2020-08-17,16.935593733160594,45.33661160561459,85.40719314459277,995.5114561808392
2020-08-18,19.416161294296007,42.553121105766515,87.25761978990977,995.0657803119676
2020-08-19,17.65208042924694,41.37063441950508,87.70300666351184,993.1117790082651
2020-08-20,19.666843621747066,42.59664778904448,86.7172221536894,990.9468909103939
2020-08-21,30.49079346815972,45.11508861258126,85.72759349144573,991.2236558431449
2020-08-22,38.71279030377006,41.98737715338626,87.43104097027238,993.0415888113084
2020-08-23,29.27081987496878,46.56579448125992,86.14081156766763,994.0244742389973
2020-08-24,21.22209083592703,50.06299008105074,83.29905312275122,993.025852490453
2020-08-25,16.821445139202044,48.57812659292366,82.75131908067992,991.8840938287593
2020-08-26,10.55192448128866,46.97892940906352,82.67241732009626,990.0229883533484
2020-08-27,20.637061758697005,43.35968032160405,83.500405477497,988.5819398635088
2020-08-28,14.244867929796797,43.69078762415075,80.68306451311531,990.4867230064799
2020-08-29,11.708240830012006,45.61006669168763,78.03122389139428,992.8688967230842
2020-08-30,13.294527931423003,46.533446045762055,77.46304781698717,992.5296977092631
2020-08-31,14.352449562073572,47.0321045829029,77.29401104825511,992.5021869952114
2020-09-01,14.268157289264334,47.24874573698596,77.35629643132873,995.0631271825854
2020-09-02,12.236690334200954,48.248089752608955,77.63196077142544,996.6824727556816
2020-09-03,17.100975054940896,47.46837796919208,79.37979789252468,995.2494599386791
2020-09-04,23.78842294198892,44.88578449763843,82.07603219705508,993.8949525149482
2020-09-05,23.33110245530362,36.93039092788497,88.2751261036409,993.8078060860354
2020-09-06,20.09274830339128,27.434406686149313,93.97495142888795,992.507185090758
2020-09-07,25.162094463760578,41.0050946930366,86.75867124372715,990.2851748456936
2020-09-08,20.406551109855954,50.004935428119815,81.19500565013715,987.8500892868733
2020-09-09,16.770828770402126,45.45820227461261,80.11176536327532,991.2484476142118
2020-09-10,40.75631502755027,42.68504801575928,77.32210974555574,996.5182591789103
2020-09-11,79.41082694908604,38.02415475486038,7705.352493533604,995.0992944213064
2020-09-12,98.64194597216566,37.616973120302966,76.10506425083322,990.7856741102901
2020-09-13,79.70564322351645,42.24559223593725,76.08179479008557,990.9202974566684
2020-09-14,86.8563713304189,40.84393455139663,77.71571447219108,992.5414774483224
2020-09-15,81.88531913624567,39.37156088596559,78.55156379652513,994.7541369960892
2020-09-16,60.60065520466986,33.30853738028256,80.00826811850644,993.471611369105
2020-09-17,36.067419299113624,30.89992431827318,79.65231882271594,991.0992899621718
2020-09-18,29.85335292306711,31.40130372279611,81.54081902019904,989.1497553385188
2020-09-19,20.72915858508647,38.62700417887589,80.57528003180039,988.4309161174851
2020-09-20,18.089943264773424,44.220919653754564,76.60803945675563,988.8352370058939
2020-09-21,25.43424241638265,46.86909552699678,76.86923111267213,988.8917374767115
2020-09-22,24.8008967425514,46.597833154716085,77.04045958806148,991.1713251708961
2020-09-23,23.7111000011835,44.936738357215084,77.2649856880962,991.6365304744876
2020-09-24,21.858214210055,42.544324348155904,78.29355872545311,989.1513691199998
2020-09-25,23.373588559901858,46.02783008721402,78.23846023195321,990.2870060088583
2020-09-26,23.44552500647645,48.86719031778458,76.77862670303885,990.0523981365789
2020-09-27,24.119935564200677,49.33037320218581,77.58630336538332,988.5297511628143
2020-09-28,23.777837819906598,47.575787700324476,79.01300349223591,988.8731729363958
2020-09-29,19.54752059378248,44.19042525539221,80.38104763156198,990.318317429747
2020-09-30,12.473023742475432,32.791956524247134,83.93792561513393,988.0833893904139
2020-10-01,25.618535953254515,29.79367819146531,85.16127652003249,986.7706090552307
2020-10-02,29.889695647029196,32.79620084515316,83.96687959449432,985.2786283284036
2020-10-03,39.79450827206397,35.39690993965773,82.18064233602252,985.7592154252557
2020-10-04,59.87645844499017,37.228251926806195,80.92570381523464,988.0460768126554
2020-10-05,65.27585742965286,37.294924906642265,79.60083941254959,988.3639801109786
2020-10-06,50.24577589393046,39.842377345053364,77.83843668820708,987.5453586230481
2020-10-07,41.6278816020797,44.05857111138966,76.28237583550731,986.5526494528522
2020-10-08,34.8326199455151,45.74023773677111,75.46732464508973,987.752257998088
2020-10-09,28.91667002665818,48.34665897217183,74.29886081593273,987.7257253324051
2020-10-10,21.57683860632829,48.157107216656925,74.79650942474468,989.0961854671386
2020-10-11,14.876502754634563,49.611943350986,74.43138147989649,989.53257995329
2020-10-12,13.58178064300525,42.67338022052416,78.20145847357053,989.2438599930261
2020-10-13,14.106521421127985,33.48065572500556,80.81116669293141,989.2412288722597
2020-10-14,17.73481060912472,33.200502111506616,80.59964219370323,989.6552500417567
2020-10-15,20.884312872601416,34.46933961648344,80.44063298530583,989.3059485308041
2020-10-16,20.60080950947365,36.99099957435331,80.16905813535047,987.5011668482584
2020-10-17,18.487505389992716,40.21357451793899,79.1760521056541,988.4876934559184
2020-10-18,30.920434624815908,47.47209266208402,77.0950096259023,990.5637151034077
2020-10-19,26.22205214243664,49.001270599674775,75.6231060550411,989.6450055627934
2020-10-20,33.32498535956497,49.64768365060024,74.9164169561732,987.43452550636
2020-10-21,40.21748316145297,50.272863407270975,74.18447552838826,985.0520837042728
2020-10-22,21.77598016820102,48.83413890144557,73.89962819701044,986.3990104968286
2020-10-23,15.823840843093695,49.4381131035104,72.64975293754887,988.9465043038953
2020-10-24,9.843829448568108,49.97238570974284,72.02208064128017,990.125079199908
2020-10-25,4.729514279177848,47.320421482011994,70.84806829754001,987.7561051320529
2020-10-26,8.679978753320384,29.698336939711172,69.16388739877613,989.3421357249711
2020-10-27,42.14496231571513,18.680970619930545,69.89843328267004,991.2929324243391
2020-10-28,27.809950495044873,31.469385901107675,70.5728232145342,991.2401824100486
2020-10-29,24.332054603658033,33.15885614591576,72.16343929571624,990.3727336813752
2020-10-30,22.38544738365308,32.70752081615076,72.77903503246515,989.3400986061718
2020-10-31,22.510811109487918,35.694451672343114,73.26216573678781,990.6010567281365
2020-11-01,25.064080066381894,35.65527652376049,74.73983978829912,993.0859085383922
2020-11-02,25.111332458724068,41.64418663044461,73.29776547695236,992.4607395870194
2020-11-03,39.80082331892189,47.72204517388938,72.4898752323859,990.9400869455811
2020-11-04,31.56486883375565,42.23282886221581,74.00757320916848,991.8626010992709
2020-11-05,11.685712074187714,29.721864612980045,77.40133657797297,988.9056135736326
2020-11-06,14.06690240201975,41.492346674381125,74.09349779985835,979.8205504687406
2020-11-07,3.464046452257823,44.46597166570993,64.44520066341387,980.9168157324351
2020-11-08,5.437903041037922,41.868530494735964,62.483473653900724,983.7223545438474
2020-11-09,5.001789153523071,34.69361785044689,62.18968994768647,990.2224627250464
2020-11-10,7.539947964883919,32.451574327145295,63.08979401392136,993.5118333775221
2020-11-11,11.912482907218234,34.24397056323187,64.30041414522938,990.4044251568777
2020-11-12,18.518387962658807,36.854791088933084,65.26884693228932,990.3451632025383
2020-11-13,18.795360912280454,40.51965881788074,65.19956328024867,992.5751737311224
2020-11-14,21.618618536660424,43.817806765119194,66.64287402533716,993.3619853646939
2020-11-15,13.232498665852917,29.739628472410185,71.889930167469,993.6817471497617
2020-11-16,5.9514431254492015,21.856232266016494,76.23899027536555,990.791364089374
2020-11-17,10.526499611485725,30.51757905021111,5010.866749272155,991.3056601827402
2020-11-18,14.496569544255868,45.35767936007624,68.19675368300408,993.2841719228447
2020-11-19,15.517245547083604,48.44190749956023,68.70524273037155,994.5968175687744
2020-11-20,16.983855850688904,41.63434594935687,69.18765794302661,993.9476834654673
2020-11-21,16.283845461323423,38.65606140695386,70.28928240380394,992.6447342859831
2020-11-22,24.597802036758683,39.79972878580863,68.88474418968104,988.4253326749517
2020-11-23,31.926431874700825,47.68873079216942,65.38244380634163,986.5664055538155
2020-11-24,25.8496299956676,46.10650592343007,66.69655409725135,991.1727089559766
2020-11-25,24.95689021272265,47.293106965877094,65.19364023491237,992.564267415329
2020-11-26,25.92357468413223,40.43632713050153,65.28411315662086,991.4333256349672
2020-11-27,6.264905848711629,21.65255075528849,64.93152885768308,994.3451962342485
2020-11-28,6.380184964002226,21.28572475518119,65.5519125597562,994.9065712017041
2020-11-29,7.6857359841955,22.96631122622134,66.45282899001718,993.0671743345008
2020-11-30,7.267106219270673,24.075672508957112,68.39154973400869,993.488995804165
2020-12-01,10.647814147362139,26.016256130189927,68.28664581680523,991.001427267491
2020-12-02,16.472485767801782,27.30579313723058,68.43647542442298,992.1006903911556
2020-12-03,14.432202197585097,19.434755499063826,67.65112502412317,996.478871947336
2020-12-04,7.195649696259596,18.494787595385713,65.82687233494876,995.9400317306267
2020-12-05,15.018236206944357,23.76580905873317,65.0159062759106,996.7541899072362
2020-12-06,18.377064769387605,25.79066596805914,65.45275817779638,995.4066770438557
2020-12-07,16.775235733896555,25.746848220182603,65.83863401844629,989.8931897984022
2020-12-08,4.897542304019383,16.569711898292958,71.98996746883758,991.0491605685376
2020-12-09,8.635854889778154,23.14619816005937,69.3543751910435,990.3954675028607
2020-12-10,14.302713205792138,40.66224424749042,64.57829339234821,989.7475842495722
2020-12-11,20.47094064307214,45.42289282609148,64.43919133784065,993.8829315492761
2020-12-12,24.341252939918355,47.034674751479955,64.07798525398626,991.9665855859408
2020-12-13,13.4774170027011,34.04793253243281,65.57356547327507,996.5606317069969
2020-12-14,5.761754020275343,35.095149434022765,5309.8189691172665,992.9458514003037
2020-12-15,4.372909418712635,26.757730139119328,65.29670616161468,995.6282834117369
2020-12-16,6.213207378050668,26.007951839578926,66.02403218402813,994.5764250145937
2020-12-17,9.621709370127814,38.57924290513785,64.837217443361,990.3440287259067
2020-12-18,8.058108776245335,38.96629012791168,64.80843716606877,994.2726000453534
2020-12-19,8.30885200207909,28.222722310667198,65.54993333187116,998.529523612288
2020-12-20,8.659693876791168,23.17350148635503,67.82499518843935,994.9569794443768
2020-12-21,5.814535928001326,20.51391228784915,70.07678102536781,989.1182183286029
2020-12-22,18.025834741788895,35.782283255323065,66.62212954064103,990.3380940740559
2020-12-23,32.616253850919236,37.597803327223076,65.88757747879761,994.8868607168549
2020-12-24,5.937181906654916,20.07512202083062,64.455280334051,996.8454267281518
2020-12-25,8.154791854521728,30.13482052889857,66.331312428221,993.6561853979874
2020-12-26,16.05037822160725,38.04787516924258,65.03912456108624,993.115861512641
2020-12-27,19.745268884702686,48.059760008743254,64.63260901226207,988.7797945617385
2020-12-28,4.469190632796753,55.607727191112126,59.06191831487961,985.2208966223005
2020-12-29,5.926985759501705,44.54732299155263,60.22628675286957,989.7113674808244
2020-12-30,6.932004687400266,30.70865451787691,63.31914012944369,993.5959357936894
2020-12-31,9.884255458625478,32.79465881312707,62.98269185440439,987.2726758996105
2021-01-01,19.61912147751117,28.447079564150936,65.32528800630898,989.6916113966091
2021-01-02,12.875160319396366,37.9653122098429,63.76956062961843,994.7711424424185
2021-01-03,23.690234462426666,48.31633737675776,63.98472941774472,993.9518037479595
2021-01-04,22.526849146757552,49.681057149831936,63.85548539673922,993.0014609092277
2021-01-05,27.770391720798393,49.57370726265469,64.2206238584679,991.6951519591665
2021-01-06,20.479612511577653,40.63694394149476,66.11665399330374,990.8409701059328
2021-01-07,16.60158639405111,38.20032812303,65.58988270515555,989.3797574952474
2021-01-08,21.626219681993376,37.69307241006058,65.56658848649965,990.0618513011524
2021-01-09,15.82925657259105,31.538676089910464,67.83819539161404,989.2816376096657
2021-01-10,7.275946276097463,24.542872790947143,67.27061928371337,992.7567185294396
2021-01-11,7.529715671004212,27.278129145701232,66.99256052283492,993.0143522648739
2021-01-12,7.093078946492783,27.549377715355586,66.78748057956653,995.8419181160546
2021-01-13,9.731238704001113,28.27481026380772,67.93950443058856,995.1993369356177
2021-01-14,8.9813403077975,27.405331078540193,71.9339224951149,991.9477210371374
2021-01-15,6.496205038558136,21.429727472932505,76.03582439666641,991.0445088959203
2021-01-16,8.605165599935882,21.772272446406387,74.8926151518905,986.6546088975595
2021-01-17,8.88368105944044,21.499419692935188,74.98579630746421,986.6964341472628
2021-01-18,11.342536194094539,28.112216946569927,70.97803527986292,982.0300112592587
2021-01-19,17.124720010984074,35.37370447633914,67.62619055012469,979.7686919752167
2021-01-20,2.544431643120932,25.566597843383597,71.36457950395543,985.4092841855937
2021-01-21,4.929785593678481,33.64587814756552,69.16807464731792,987.8560736479657
2021-01-22,8.53462376520475,45.92786334735979,64.92430557947718,987.2796432580325
2021-01-23,5.063311073326976,50.946800860369365,60.597206137912146,984.7033253731041
2021-01-24,13.617119301565305,47.98283109010463,60.36394487346101,984.0762014479897
2021-01-25,2.3326985258936417,42.302120665578926,59.46413713128435,979.5538152948812
2021-01-26,3.441942387325698,33.96045702910336,58.49785423689391,985.3825435985447
2021-01-27,4.5366145850325665,37.61420629897885,61.04982305581102,991.5302905174464
2021-01-28,6.119309614523338,42.1167914387393,62.69362814327455,986.5656937377676
2021-01-29,3.411176129389296,54.551928896694236,60.73083447255299,985.5677894733901
2021-01-30,10.303363810898952,46.26946663129429,61.108006974815105,992.321241288578
2021-01-31,8.532799493489545,36.84534991707502,64.812135892054,992.2033815785128
2021-02-01,6.834223463026162,33.75306866234761,69.12685271204964,989.5935097406507
2021-02-02,7.464526504719717,40.894261753968635,69.3802443389323,989.5165652483524
2021-02-03,9.271523580829317,46.35593011439661,66.26198702434846,988.830454319425
2021-02-04,13.750109492375843,46.1605804834089,65.51489781480569,990.393699196219
2021-02-05,13.361935296207314,40.935599277579556,65.77729377709055,990.3791757708165
2021-02-06,16.72652126613838,37.4706229129504,67.09012731451247,987.381108117687
2021-02-07,27.613717926709512,40.23891990996521,66.30422402424853,985.2583197336061
2021-02-08,30.841443876301206,46.63705561889613,65.2313854534513,986.3853986507868
2021-02-09,21.026834781981634,46.365345031982685,64.9571771242271,987.8137876968179
2021-02-10,23.83220215317827,47.167411967901835,65.49419198614383,988.163928823983
2021-02-11,28.20624818517117,47.7185140711014,65.2155397645976,988.474309974261
2021-02-12,15.376752667835985,44.81944680226188,67.29893846871784,985.2071959464128
2021-02-13,6.910378479690194,45.95978346142664,65.27328878028995,984.7861623890296
2021-02-14,2.4639301681531247,29.09062236130289,67.03730330243472,985.1680116188644
2021-02-15,5.49935733882388,37.432489174442836,65.60252661266736,988.0052738245338
2021-02-16,7.290576564531811,41.770883906948455,66.72763183344122,986.1524985201748
2021-02-17,4.363541140579233,29.67673528303489,66.4241254763818,987.4818207194891
2021-02-18,6.734303612849979,22.688488618103758,66.40712169532888,995.3555655597156
2021-02-19,8.15091412583854,27.439276356754387,66.2655921811892,994.5044388201562
2021-02-20,8.833896531371039,32.2427152523706,65.39415091989619,991.3198629774021
2021-02-21,3.788414133430472,22.21838937716581,67.86497572681871,995.3960073123911
2021-02-22,4.421718806800063,21.55975574248257,70.80389493742229,993.1442105732627
2021-02-23,4.9243409345735225,25.00336029896319,71.27678579724872,988.3088098596733
2021-02-24,12.38133241807527,34.85535768148318,69.51928972725014,988.1165274332898
2021-02-25,12.486146961834072,29.962854383770885,68.65728875826963,990.1093419546369
2021-02-26,6.368912776664784,21.435515978824935,68.29204630279258,987.5889797616325
2021-02-27,9.750543032401303,31.102811476540772,67.50709755694962,984.6916682693982
2021-02-28,6.353369627223304,23.944346735434298,68.4242180062541,990.2182914755914
2021-03-01,3.3685304321285474,16.476509431687376,68.24873473280073,992.0586696020232
2021-03-02,4.82430024976829,20.53314563064076,67.9819252012649,984.8646098241262
2021-03-03,8.113680479388508,40.987732586151324,61.521788461862,982.2848714407097
2021-03-04,9.289693402602978,41.55121637989519,64.62497773492846,993.209762386142
2021-03-05,8.917555005935979,35.120644549577236,68.71098383175782,991.2403704025544
2021-03-06,10.135609545895665,41.192141558476735,67.26366608646846,987.9745226367071
2021-03-07,10.887036550459241,46.042710466293464,66.20007084813741,989.0727309282731
2021-03-08,5.95686955001825,43.021648475532075,67.42157664633028,992.3863099457855
2021-03-09,5.730741445830653,41.25748845011135,63.91322630989213,992.1468913674278
2021-03-10,2.703971233194566,46.9272454910684,62.1193518006699,989.3904862782098
2021-03-11,2.4740623211414987,45.8700041475904,60.645641394328905,989.1417053492287
2021-03-12,5.796190529891998,42.54382350068622,60.622066165031825,992.486452696396
2021-03-13,14.135994957066712,43.844010535923985,63.189324948756706,995.632732649669
2021-03-14,10.109969967694214,44.535984953910265,65.41376824897421,995.5641271054632
2021-03-15,4.392226790147884,46.26139365822947,62.61526490659088,988.6720684949195
2021-03-16,3.3442549907701298,35.37496590250963,61.54278262192494,988.6455528877001
2021-03-17,6.258752977473827,39.68766217759459,63.62504386490496,991.6301352280987
2021-03-18,8.745857526636328,42.70353145506713,66.36495462302805,991.6235848700641
2021-03-19,7.508949653821655,43.38001262693158,67.78752875980537,992.1599524247353
2021-03-20,7.736743659574832,46.76459975269041,68.34637135545158,991.9686937076624
2021-03-21,5.250355198094974,34.68800910728904,66.84942188765243,989.9762064215473
2021-03-22,4.622342235073198,34.237256392805854,67.59511666567543,990.0714418962992
2021-03-23,5.624657252518326,39.08611526648194,67.22594121796341,984.1157512605186
2021-03-24,2.240233431978231,19.92237032387251,70.30098392092948,985.221185763518
2021-03-25,4.824510127339836,39.15235305856189,65.23739360128701,982.8670787991512
2021-03-26,4.143286276961985,40.43056693002944,3935.7566422113623,985.7438504545225
2021-03-27,7.12506631962963,36.117060757121926,68.86787640193756,993.4202060274076
2021-03-28,6.575363277722511,26.71435905910652,73.83137804898826,992.1042275505322
2021-03-29,8.119949061230074,29.377390702235335,73.7038416692345,984.4494914529641
2021-03-30,13.886158320849031,40.622750247667646,71.41228096631623,984.1112422738823
2021-03-31,8.5440633358454,28.30447615948901,74.76439722393869,989.4936693264051
2021-04-01,5.447878296342586,16.144130334895916,76.92154202636658,985.761978858329
2021-04-02,9.783790522247296,34.854409018439576,72.34333139392842,987.6900033911845
2021-04-03,22.509570058445828,43.32891333347389,70.3289153206091,991.4579735340494
2021-04-04,15.383364373441012,37.96245197666171,71.07130224694703,990.7398872300736
2021-04-05,9.317670700459326,41.86082760754637,70.14167521763252,988.391828955286
2021-04-06,10.966585695774294,44.0893528303772,69.5855999716839,988.3647349762857
2021-04-07,11.051099729736132,41.61198426271825,71.4773963442934,991.2206521796102
2021-04-08,9.436407457611372,40.91402598073976,71.8014983041673,989.2725697108294
2021-04-09,8.969744573814287,41.32226799326687,71.54942546525969,987.8337119300694
2021-04-10,10.310289098217,40.52442685029106,71.94961356099932,985.6578095096856
2021-04-11,13.805953392490128,43.276460795940146,70.99409309286148,982.628639916265
2021-04-12,13.329531291291923,45.29572006485953,70.10705684864094,983.0947119437135
2021-04-13,11.015680094608465,49.50864361248151,67.39465953422334,985.054141868158
2021-04-14,7.89590169378379,44.80719792803165,66.63866284660081,986.7540603725718
2021-04-15,9.23625169012755,43.30193177997673,66.59285651147233,988.3413648108697
2021-04-16,12.793048997316518,44.17251575561572,68.60086711896005,986.3472576078366
2021-04-17,14.614357147610631,44.11372929687577,69.70738992841503,986.5272066003645
2021-04-18,8.26840860655991,28.264338500795837,75.59902049386088,988.1223720709268
2021-04-19,8.667375430827958,28.527576645147537,76.49859650154785,988.1218730644681
2021-04-20,14.231216651507843,41.54075821017303,71.51560033274697,985.6584434723093
2021-04-21,9.02138483484315,44.11917215259516,68.0197879295328,984.7050756723595
2021-04-22,8.530898961114763,47.26132318994436,67.16104862872565,986.5720717805428
2021-04-23,11.107989657949455,46.53948837947171,67.625085054987,988.971736443589
2021-04-24,11.441214228513955,45.9662054417587,68.46322961302899,988.9147951759635
2021-04-25,8.56285816082668,45.840812693291326,67.62084524227188,985.6939350291821
2021-04-26,2.818190601087708,44.214705094179486,66.89498923689915,983.8485004790523
2021-04-27,3.5184006343372243,41.04091764344944,67.42362779055503,985.6452187401975
2021-04-28,4.677330688907753,35.344238383581825,72.25446713886356,989.3215324375943
2021-04-29,5.2199847698063415,29.247219372331987,77.42217769136096,991.1200432183491
2021-04-30,7.085987409728026,27.812265574311546,79.5248701393074,989.2946769530488
2021-05-01,10.36161853126683,41.05364648156788,74.15664826301773,986.3125090179531
2021-05-02,9.421842195279956,44.16596638778029,71.68372154914367,983.4171444606562
2021-05-03,10.00974592632616,43.09335371437835,72.90404354959995,983.2121561270241
2021-05-04,11.683896272078128,42.208384433060246,75.18293814857456,986.2823126886643
2021-05-05,16.72072202694574,42.83047879348196,75.79438318797332,987.8528624708906
2021-05-06,17.321768594690877,45.772204526753285,72.83005336482945,990.2032019565135
2021-05-07,14.599117270206964,45.477442379870595,71.67640139627419,989.726474394111
2021-05-08,11.283274455520683,43.85048266640134,4176.132795216518,987.5602731363585
2021-05-09,13.78372725932863,46.12476817132877,72.14238074743719,987.2829265638082
2021-05-10,11.56967919925882,48.349053108007205,71.5580756191866,986.2221223872968
2021-05-11,13.77671000052971,46.85693983946064,72.67527951881574,986.19644172268
2021-05-12,13.59806065105441,46.91316918487669,73.0828537859441,988.8260198287363
2021-05-13,15.212724861351651,48.84014531953155,71.87519754077732,989.7884259397365
2021-05-14,14.78442822723272,46.520669218776085,72.05976234578496,987.9847247977171
2021-05-15,9.699455609619076,45.02408598891822,70.95819644908411,986.315430756169
2021-05-16,6.162972367818806,50.35727642525366,68.21052679305024,987.6491959642265
2021-05-17,8.205535886398664,47.73545578351513,70.08693942099686,989.3590872759634
2021-05-18,12.105856198929825,45.5908967884121,72.63369054971504,988.0454661846576
2021-05-19,13.938205076299637,46.24298174337591,72.5951446674417,985.3393352600821
2021-05-20,6.977359840626803,42.48609873843757,71.41102155003443,984.6855403038808
2021-05-21,5.115231230577966,36.71354083589293,69.75778412493689,986.4366477726801
2021-05-22,6.106607862900519,40.677600311880255,68.51322478563829,990.5794325565018
2021-05-23,7.711030547457595,39.15619626043496,69.8533515871001,990.6301761676746
2021-05-24,6.5935283007611885,33.53543000553391,75.19824664539458,987.7215863543144
2021-05-25,7.0613286216454085,33.63236748026794,78.2567331843195,986.2542826630764
2021-05-26,7.933509901818852,41.975261389993854,75.48170386439291,987.5259038784833
2021-05-27,11.11539649459107,42.99734286582393,73.42877807946338,989.4129886558935
2021-05-28,15.320330370040596,44.47353739307466,72.83218746452162,987.2715411783296
2021-05-29,12.292063457831897,47.17398626989648,71.31367730262305,985.5434293598524
2021-05-30,11.260002644231005,45.66335384181576,72.3682845105449,984.8217427709927
2021-05-31,15.697652307947552,46.1996867042506,3896.424202576596,986.6700444291276
2021-06-01,20.737700976805495,46.654171506023616,74.67825406801677,987.4940627501823
2021-06-02,17.843495951721682,46.96077342004505,74.66442334364925,985.5709996713366
2021-06-03,19.01770184752705,45.587808799696894,75.38236970072997,984.8347098962421
2021-06-04,16.486198981385165,44.29235140826095,75.55808101989828,986.8798519324749
2021-06-05,14.157443902701246,43.78786414317433,75.05111229024547,987.1883901958697
2021-06-06,10.308379219576464,43.92844530533592,73.69149026334487,985.6730723154191
2021-06-07,6.494683367551832,48.35419266744666,70.15793958484365,985.1251202532696
2021-06-08,4.205364027465935,42.10558285507304,72.54158051467368,987.7066889483757
2021-06-09,4.085417315489934,40.34943239665377,72.83821093417576,989.4747375059735
2021-06-10,3.380107875151327,35.551964007523935,72.84570662167364,989.8983666826845
2021-06-11,4.47774578885117,35.978189501715825,75.24412811789068,986.4667881098807
2021-06-12,5.574616169275276,35.226469908597544,77.36702017428748,984.1949393912355
2021-06-13,8.116177504855733,39.00070550688188,77.73057695602009,984.6306609186934
2021-06-14,4.594471304953824,38.403844967662025,79.8981398996644,985.2084962036323
2021-06-15,4.941225006838209,36.35426223257626,82.78143680412502,983.8090475273935
2021-06-16,7.464263218749249,39.30812917100835,82.1815631439267,983.6467688738884
2021-06-17,12.869734804097549,43.40484392313183,80.27909818655993,982.7070217892629
2021-06-18,17.406847121016103,46.46783727194389,78.61494497386629,982.16600357651
2021-06-19,17.318962198355923,46.43853216453909,78.31254855368854,982.3213315891315
2021-06-20,15.593007737980331,46.39921327171567,77.17722490731728,984.2002914001949
2021-06-21,14.821716011395162,45.347188244987805,77.00802489632432,987.5371687683826
2021-06-22,7.5868180734893995,44.68739967365087,76.61875457252418,987.0691411968438
2021-06-23,3.8429248440996875,43.81333343321198,77.21800994252054,986.5702148800393
2021-06-24,3.4300388758247005,44.93158315117849,75.37422998978447,988.9639400051677
2021-06-25,3.83537231098231,43.60304400620629,76.49504590405498,987.2960663302791
2021-06-26,8.50055177802722,42.69498285239406,78.46509870010611,983.8099286418562
2021-06-27,13.989230562699737,43.447934049147676,79.9647653062326,980.6228363959003
2021-06-28,18.791061272989378,45.16621726552187,79.90744083819946,980.0380151598728
2021-06-29,16.714604420226177,47.19233666815959,78.50337464549601,982.8268086423112
2021-06-30,14.178963061198408,46.67797556904392,78.4993678188107,985.9673925311939
2021-07-01,16.103938897329726,45.411961404299525,79.71689994206784,986.5558877702651
2021-07-02,14.619556239724458,45.05147939509503,79.53883883671803,987.1358517121953
2021-07-03,12.778294389221834,44.05853525558008,79.82986710320935,987.5963330064238
2021-07-04,14.775401916056284,44.30930017236349,79.09041898834784,988.8350913339656
2021-07-05,49.170578873166754,44.29966956116233,77.96509668128202,989.2562095855028
2021-07-06,12.21870028128749,44.022774263218686,78.79265042933139,988.192223047472
2021-07-07,13.017394119268157,43.61658238433533,80.0285276591105,985.2769483755188
2021-07-08,12.650600499195408,44.1580397275038,81.21865337990208,984.8909416540743
2021-07-09,12.323278339197905,42.358416380364446,83.33454308303507,987.072059031876
2021-07-10,11.288772551158187,41.79690234083872,82.95666311436158,987.8414707324883
2021-07-11,12.20439335639782,41.97375897091973,82.07842975214903,986.9460309895851
2021-07-12,14.287913725449267,45.04283356038031,81.03989039367131,986.2433739454419
2021-07-13,15.555612250618665,46.300930627556056,81.29753627051605,986.5158641059926
2021-07-14,13.115154825867895,44.57354872901544,81.60851821165207,988.5974002140747
2021-07-15,10.755872441430464,44.13411075072452,81.49282985774639,989.3143401858316
2021-07-16,11.035599339751666,43.61424040621186,81.05642622004729,987.8521583111834
2021-07-17,10.93686734447768,42.76580230110744,81.58955666691303,988.2364603676573
2021-07-18,10.156772975174022,39.805694221243975,83.25728445064095,989.9892052913501
2021-07-19,9.232651304877496,37.96849977852667,84.20315707066983,991.4185622779783
2021-07-20,10.293200301763836,39.32352804355127,83.33218327268106,990.3153292842084
2021-07-21,9.17225370568864,39.83407534449953,83.7051319774031,987.0000288421834
2021-07-22,10.578790014072037,40.98001513888742,83.25772944964864,988.4806132971603
2021-07-23,13.160654281425119,44.60863476498124,81.88461395677709,991.6867666050566
2021-07-24,17.0391801332285,45.678904806578906,80.28225006252173,991.3533971280541
2021-07-25,13.860888362044104,45.39622236797097,80.07285424082467,990.2540352195898
2021-07-26,14.095557426020033,50.651801459217616,78.25313914499284,990.2662030202832
2021-07-27,15.137383125290738,48.10893562339642,79.29125030082433,990.339228973721
2021-07-28,9.059150479484563,42.34876419299855,81.14085220425413,990.8537443373463
2021-07-29,8.88260605440322,41.01447852465623,81.17147826128883,988.6778884333924
2021-07-30,12.778430938006634,43.03372385900553,80.0880668465969,988.6830132865775
2021-07-31,11.42838718489906,42.714569663029316,80.08955626633212,991.4659800731891
2021-08-01,8.778854803197852,38.970189082576084,81.18274426870528,991.9205052264842
2021-08-02,7.114200508769919,34.76056639792897,82.43635869681695,990.8938689856412
2021-08-03,6.6426548979283035,35.56724128459449,82.0878780950132,988.4133853596729
2021-08-04,10.249867545671464,39.407514978889864,81.59406398506617,986.481093943611
2021-08-05,12.25941941092622,40.09649990337466,81.62912672023228,986.8895512114404
2021-08-06,14.736842341734764,43.48209729106494,79.70440975003112,987.4959423297546
2021-08-07,20.690643480890273,44.6876332568668,79.06811447341076,987.5324530670312
2021-08-08,21.151940798443704,44.65390234202589,78.87752701094496,986.6921030922322
2021-08-09,17.75344151220109,43.79920614807883,79.43533762920119,986.8673993657494
2021-08-10,13.824958726963049,42.16378075504823,80.42612914871421,986.9107264079001
2021-08-11,11.061831517331385,39.414065450898185,81.52795063698049,987.955123801175
2021-08-12,10.480218413684383,35.02331130743132,83.21249569807884,988.5396073256048
2021-08-13,11.065314483167679,36.78240912578357,82.00713965140619,990.6024572567288
2021-08-14,13.879040806877288,41.431296800167466,81.26876202346328,991.6395019752466
2021-08-15,13.917006965892572,40.78040947978479,81.7960602696967,988.2152884241
2021-08-16,13.655951093248069,41.32551425515798,82.28587472134198,984.4720287845638
2021-08-17,15.52193228573777,46.73199922303186,81.42077064471042,985.1916357836162
2021-08-18,11.572928892490228,50.79842661892676,78.24158156069275,986.0474607017065
2021-08-19,8.492767308864126,46.9939665368413,78.80413553878314,986.8913458087859
2021-08-20,8.720638720568695,46.79977096820807,77.4650919296402,984.6435274119169
2021-08-21,11.49288008550309,49.179811866499556,76.26712686373367,983.2841523597871
2021-08-22,19.70859129041834,46.90730348404291,76.08440777728399,983.7721787175855
2021-08-23,21.225284560509394,46.576120517119776,76.15602580185454,984.8565100525425
2021-08-24,20.507331471275172,45.756499270698924,76.93263266425458,986.6775140845305
2021-08-25,24.10756586564834,42.92143676719294,79.1323864248923,987.4730435882941
2021-08-26,26.35547999055116,36.16160537491664,82.07074117352799,985.1697311371229
2021-08-27,16.726312646409887,36.87752210502106,81.1689832438468,981.7401614033303
2021-08-28,16.36948488687864,41.060499287572796,80.08826175677459,981.810465018683
2021-08-29,17.824011769955515,43.34578636249249,79.69840732770514,982.5076150697245
2021-08-30,22.096765584039918,44.22620437434007,79.11306015348833,982.1594473264441
2021-08-31,26.916461735258324,48.86944174098893,76.0438505136191,982.3059249461731
2021-09-01,27.516249197741885,48.420334788005086,76.53617308771112,984.0097136751888
2021-09-02,18.918471719851667,47.55037753911749,76.80466248754071,986.2550355396032
2021-09-03,22.334758539344634,46.71664014692247,76.98914145041232,986.4017321107707
2021-09-04,18.66827152981126,37.36089444697061,80.07783576975378,985.4069616083989
2021-09-05,16.171265230426876,30.03281676353704,83.07582065053295,984.6857285926951
2021-09-06,25.325528713495167,42.08332516418592,81.76033876256096,986.6283551582324
2021-09-07,22.99765154320797,46.08118269151954,81.05205826232374,987.6892750342134
2021-09-08,24.023119689465513,46.62217036324994,80.44327267659212,985.4427652730432
2021-09-09,15.736130484807344,44.15653208730057,81.64913878291057,984.7246909708248
2021-09-10,12.588465696353364,42.85185318875241,81.79278779580247,986.6173634994441
2021-09-11,8.718411972125569,38.731001939699354,82.53953745742052,987.9127197629368
2021-09-12,8.411641656173526,37.83862811874277,80.76738593570487,986.8978433553216
2021-09-13,13.86269914098593,39.93476678463863,78.11537675761257,985.7054242979357
2021-09-14,18.96010313468996,40.88248510278474,76.16683486195504,986.7968735515465
2021-09-15,20.694943680906807,44.552072662770456,75.63016880503811,986.9490535367569
2021-09-16,19.453652191216094,45.509217602458,73.99611986647025,985.8393795852862
2021-09-17,17.767832667423324,45.46413846437694,73.87978454116693,988.5937373281178
2021-09-18,12.462209778070235,46.3959356372488,73.37667523948551,990.9130163024756
2021-09-19,15.96610116001435,46.54683040936423,73.61933995853857,988.8398814477733
2021-09-20,16.428509472006066,44.72975386894745,76.80747863936037,986.8297450789785
2021-09-21,12.777456238290025,39.99407109622139,81.26264847322602,991.0112104490628
2021-09-22,8.188730054481601,35.6098583521277,82.64397562126155,991.2668426209292
2021-09-23,10.111361261348808,40.95226563636573,78.86366714646407,987.0421300158346
2021-09-24,18.685575806358518,45.539695972058986,75.87702474059097,987.623155836946
2021-09-25,16.642510294676928,46.251448255925176,75.98576603586835,988.7966715476169
2021-09-26,17.316528365220073,50.4215439462079,73.19683174855166,990.2158511208117
2021-09-27,17.003412740629855,51.31277365323121,72.27396702112395,990.3108929761025
2021-09-28,11.022555502394022,49.82409705874223,73.24078785193663,987.653447129944
2021-09-29,14.214516136643958,47.7033132934554,73.3976266020101,986.6426046192462
2021-09-30,11.204701388479737,37.90262145521092,76.55557542429027,987.4581189309441
2021-10-01,7.005669658561615,28.012936303726352,78.35721626712805,987.8916976198226
2021-10-02,7.88507599943522,29.868654473114404,79.28518176407435,988.673105210155
2021-10-03,9.679648896694573,26.062952596567698,80.63638202527332,987.3779251364483
2021-10-04,10.804274603529494,30.305272534320938,79.32447706780218,986.869799382794
2021-10-05,9.307310989516749,44.50877724494191,77.94657410110327,988.1894341818313
2021-10-06,18.029424387843413,49.866138612179306,74.22717640827932,989.5538528164088
2021-10-07,15.073180575352296,51.88255453895028,72.60232138201327,990.3309199625569
2021-10-08,4.733655254417654,50.38283234779585,71.94695727514556,991.6698567707008
2021-10-09,5.08074865918249,44.782105141654256,70.75920091821422,991.7431338750775
2021-10-10,7.811727206029262,39.469809777275344,72.56188308554101,990.1341646145405
2021-10-11,10.456572565457805,40.299749270101394,70.2879850076409,982.5101900666455
2021-10-12,4.8215851771275995,22.12558935575405,69.0398629044123,985.019570777802
2021-10-13,9.302112785963551,26.60334122816466,68.41976989760887,987.5280528472692
2021-10-14,13.921518913169438,29.533517812600444,70.2652534577027,988.9923128942344
2021-10-15,8.037125440128833,23.825623265572105,75.26746160087193,990.99000474849
2021-10-16,5.057842360099502,18.349877610827797,77.15411724250303,989.0280606723095
2021-10-17,8.499141310224081,31.568079141852042,72.07991319945049,988.4439008287345
2021-10-18,6.300755913970824,47.12054928070329,69.10004993477135,987.9050237747722
2021-10-19,4.238133733759273,43.26423589413559,67.48307200432124,989.7012095338765
2021-10-20,6.372484275155925,43.065045408304684,68.61640110749622,991.9361117645165
2021-10-21,7.067417974850214,40.338266262553496,70.39166416739903,992.2507806454735
2021-10-22,14.381730176032411,47.966249798017095,69.34048725320149,989.7329046024466
2021-10-23,10.30950228173309,52.69813701494881,70.4383795631245,986.2662382490997
2021-10-24,8.170034377294618,49.664709240819505,70.1548236671359,986.5576106730124
2021-10-25,6.046035209579344,58.628851231564816,66.59551557047789,986.3842333285224
2021-10-26,6.092756074757787,48.54193936966818,66.50580450414333,991.369529646165
2021-10-27,5.545285668847943,37.14564488904975,71.65640674748134,993.5651774802532
2021-10-28,5.051443942382002,33.18322721320347,76.6525117744565,990.4798698275266
2021-10-29,7.187718911302629,34.586163940622555,76.85378137124225,986.8460839348354
2021-10-30,23.817868335805453,48.636855685348294,71.74203566384512,987.4930930688436
2021-10-31,31.36692963489607,49.53597318831378,70.0500004778933,989.1328561699219
2021-11-01,30.62493829125574,52.08836856662366,68.00421169793114,992.3771036977369
2021-11-02,19.81678647815865,51.91484738128488,68.14650117201296,993.9894267239083
2021-11-03,26.374462524255534,49.84387463311661,70.50589175028689,991.7701184524238
2021-11-04,30.02232213311927,49.14470896761463,71.28543587751852,989.2824223130003
2021-11-05,32.94607550619864,48.24762282198646,70.92685152205979,988.2041554586837
2021-11-06,50.24167891460647,50.38633648096284,69.29000669745201,990.4289323824304
2021-11-07,47.40237062379256,50.5757912047514,67.76910705031011,990.3557640307071
2021-11-08,35.541343338239194,49.43639840859569,67.98299446536586,991.5070821632492
2021-11-09,21.388810347307462,50.94734901016789,67.84553720161237,995.7629519704149
2021-11-10,22.106470229881737,48.90394527091157,70.71722773080457,993.9858198258008
2021-11-11,8.430767888237433,33.94846344503514,75.77708390705921,992.1197632363952
2021-11-12,4.363889548473132,27.284556963369024,79.03268949814915,991.857554887716
2021-11-13,4.426497199514153,25.182787250181732,3431.8279860166394,991.3307237159968
2021-11-14,9.681373448353254,27.06459375651056,76.44749721607678,992.0932949286388
2021-11-15,15.274138548528978,34.60235102580531,73.64056866366052,992.1895923019468
2021-11-16,30.8771357637304,46.70452950173038,68.9573423216123,989.9351159707674
2021-11-17,34.05465672590347,47.8855228680342,68.46517261010038,990.0686070700089
2021-11-18,33.15968650312487,49.19215545798905,67.05772886140474,992.0754232369599
2021-11-19,38.85885287127456,50.13528546847214,67.20112576550495,992.4115044893105
2021-11-20,47.49920020536688,49.50913348980125,67.05400292880863,992.4657104465387
2021-11-21,18.282129976220087,30.84857760224434,72.32000679484774,993.0059686296711
2021-11-22,2.945486298770919,18.48885088445932,73.59859740507245,992.2197754063276
2021-11-23,5.575963592698833,29.760955493251362,71.69460451865662,988.8899024430851
2021-11-24,11.439235670540526,40.365346799978695,68.48533362477126,991.7592646567871
2021-11-25,4.275761845726072,17.309921369273777,70.10059575952717,997.3587699369641
2021-11-26,6.461501868838072,18.597955898866015,68.44634495221787,993.7335240972063
2021-11-27,7.972128340779824,21.920606229684054,69.14795219324459,991.5198261642896
2021-11-28,14.813916190039109,28.483676166928802,69.31708349337762,994.0789868701438
2021-11-29,15.007495354868515,31.511842601451157,70.5358655011941,992.0128350408753
2021-11-30,26.781015080898715,38.810883391739516,69.2418693198472,990.5253602334637
2021-12-01,30.908697813180574,39.834725740549054,69.63394063139401,991.525280661004
2021-12-02,39.31130065073543,46.77438238622678,66.15296544521846,992.4445811869791
2021-12-03,48.066709821818975,48.96949319772102,65.23739009925434,992.117059528064
2021-12-04,45.41395578574472,49.25137707879041,64.93317706751087,993.2509647737289
2021-12-05,43.59527756246968,49.279281539628506,64.51081526252838,992.1887588388811
2021-12-06,44.67313254307398,46.31578544287261,65.04696547711814,990.2788260728478
2021-12-07,28.606003760487482,50.083325071092716,66.40989482875777,988.701738074275
2021-12-08,24.593953960682462,50.915029988333664,65.17563764882972,990.2705991482895
2021-12-09,10.194277270339192,55.068216563671385,63.89544068800187,988.3835029596322
2021-12-10,7.079974668171133,45.526336411146644,61.64384985607967,992.1051667986645
2021-12-11,8.206104953743731,35.55674593399191,62.38554816566856,994.2644934878971
2021-12-12,13.868464875444548,36.41776077766619,61.58327589500278,989.9444570319082
2021-12-13,18.672463156444312,47.11634766004707,60.64573980708382,990.8138741711878
2021-12-14,3.8781318105152125,58.51214283494561,60.55625817334643,986.5662483484322
2021-12-15,5.284927922844066,43.82572589822132,57.696957138997696,994.5817501730368
2021-12-16,10.459571606942562,47.2624727054536,3258.2783424402273,993.3677914677511
2021-12-17,16.344579454436825,44.739927511265456,62.89788768098004,992.528037746211
2021-12-18,8.06562572138841,32.89366463328207,62.7189677479577,993.8871046168803
2021-12-19,17.4557806398482,36.37092100130385,61.87282323156161,992.7716397566319
2021-12-20,29.229639123583457,39.30601276894465,61.32033910938946,993.3979932442032
2021-12-21,17.460638583828644,35.7575214416584,3529.33353277882,992.7928499495608
2021-12-22,22.603349276708926,38.00625766948932,64.12564691255875,991.4883710806832
2021-12-23,15.427556270754774,54.50380759345767,62.89293798568302,988.79432540634
2021-12-24,5.08983725230864,57.36369702758981,63.72607830966181,985.1386006709411
2021-12-25,12.513860418152031,55.66973634443936,61.096071050929204,989.4305550025848
2021-12-26,3.655676307810471,49.776677377493414,60.53389392946479,990.5681870862072
2021-12-27,7.3365251181794235,52.39372669181374,57.753384733060734,989.790040183258
2021-12-28,4.789512093635566,48.56331272863394,58.894404951405036,984.532819390106
2021-12-29,7.59357691917362,54.570794483983526,57.961407563532795,984.6014547002345
2021-12-30,3.850152071393192,61.98954019780361,60.86858471940262,983.7285690170926
2021-12-31,8.334239257526113,54.387831589237855,61.79998320162061,980.9062701532696
2022-01-01,13.474831479864678,41.865334074989526,61.21095849916562,990.9903707735508
2022-01-02,6.652535069701774,32.3231488853231,60.66269063257321,997.2529218813705
2022-01-03,7.473613519916729,35.46666555061386,60.21008120417897,995.4900507731226
2022-01-04,14.154928322930232,42.417336512360905,60.97076653774782,995.9408556554461
2022-01-05,21.662082462818027,42.611306205938014,63.97838414429228,991.5677867437996
2022-01-06,21.368537373175847,40.923735691488034,66.27758632611453,987.4014712166445
2022-01-07,35.679408840281255,49.75920146182713,62.98287506731884,985.6555413636014
2022-01-08,27.770248660949047,47.94742925503976,64.57828084978743,988.565798255249
2022-01-09,21.059518289164153,39.334236684796075,65.0577891082114,994.8103325919392
2022-01-10,4.400972191844855,26.333219232536525,66.92670632169818,997.3819476048445
2022-01-11,3.648048353969175,22.124586805963997,69.00127396635516,995.3689370544555
2022-01-12,4.62145112510041,24.854664937646636,68.17160260077563,994.5300400573389
2022-01-13,10.825262150117839,30.450811671985093,68.52440172668041,993.4985021428059
2022-01-14,14.179340262201773,33.26053184644339,69.29694067602874,991.0024053817434
2022-01-15,9.885081052919933,33.9461533360196,67.91284661602678,991.8857457690038
2022-01-16,5.256422796276995,29.114658203196363,70.75904900512164,989.8567025544768
2022-01-17,14.324433780932946,47.65252120090205,67.83495558390031,989.8133243837524
2022-01-18,20.425528492458056,53.055326317897695,67.18449452220207,990.6094949421473
2022-01-19,25.62484867541939,51.96182607249127,64.90538762173901,992.5561566437487
2022-01-20,14.061720182412756,40.317737184351245,66.64992380618321,994.7076017772333
2022-01-21,9.932298595895478,34.9635910741342,66.0831292329418,989.193702020185
2022-01-22,2.3106560509115903,18.94028686810423,68.8850808916979,988.8629811738531
2022-01-23,5.12174703587441,23.486431448780415,68.38395981036969,992.1608286323697
2022-01-24,9.013319783404466,31.21370239653199,66.59040897551048,989.6176631861421
2022-01-25,18.796596789144406,41.98234377414396,64.68576754261265,987.5948090975826
2022-01-26,15.573212775311966,36.089067769132,64.40487248865846,990.3032093112781
2022-01-27,7.364846042664569,28.49380321957808,64.82645136292864,992.4320961387853
2022-01-28,6.026940208533023,22.828370974129527,65.85994714937533,994.5753393454036
2022-01-29,5.224603350825535,20.402151427048743,64.72600540560961,991.5962740044029
2022-01-30,11.411955897279295,28.90084934519656,64.74027861379693,991.7938410069454
2022-01-31,21.571780613748807,40.1408858938771,62.680589924610544,991.0835220785193
2022-02-01,29.365846553238313,45.63696648679854,64.23237552046886,984.5899318401584
2022-02-02,12.976354466454323,30.84179666791442,3113.9854635625074,986.7891965463041
2022-02-03,5.730154618120568,24.472489423220825,62.447981827569066,993.4891474143086
2022-02-04,6.619726089204185,26.43446804155178,63.90039207025758,997.8075976751838
2022-02-05,5.47767456681431,22.87767884943743,64.57489134058945,994.1399537904674
2022-02-06,8.908568022176558,24.281270143252986,67.71549359940006,993.0325679997806
2022-02-07,5.942493573361538,21.753045633247524,69.77373459233323,995.7284075556512
2022-02-08,4.4243492285447745,21.625703761428834,70.55158079433247,993.5810560322399
2022-02-09,5.047067956828472,20.435271292337298,74.12829712431989,990.7395060783516
2022-02-10,3.9195310099049503,19.921582276685836,76.90334576385774,990.8231466164483
2022-02-11,6.2919304381500325,25.463347751217302,74.7001376138417,989.6496783336349
2022-02-12,6.883039396381379,23.021314381308542,75.29509340236203,992.062641443587
2022-02-13,5.813043353002312,19.508497631494034,75.14942650042389,994.5872998821884
2022-02-14,11.254726048781917,29.017053533882894,70.98995309543022,990.7754307825602
2022-02-15,11.137949707768792,44.447213650218664,64.90424266559232,984.5278857444557
2022-02-16,4.554244496749859,36.78962188221806,63.43422112138052,987.2273358949138
2022-02-17,4.511813228369638,34.51295450357366,65.95553238348757,995.3847620099691
2022-02-18,5.47700101636791,26.570799709176644,66.64961608642639,995.368576952222
2022-02-19,7.527516678695468,28.857209066074265,67.87791611219902,991.2421881300194
2022-02-20,17.050309382505056,42.50417516299416,65.41710953239348,987.5841257081677
2022-02-21,13.164416903746828,43.56834113617217,64.34114279893409,986.5205784020199
2022-02-22,3.949648772671098,43.08663769592609,62.27775581376672,986.1163461089519
2022-02-23,2.088738923949189,34.292948706816944,59.07882411320754,986.5426241044848
2022-02-24,3.9112500547376614,25.438082024588905,59.39394134419423,994.7205932883697
2022-02-25,7.9964147012490026,28.075030760669943,61.03892644481306,993.7108414424464
2022-02-26,9.299724629816945,26.101740597726327,63.44997460303704,995.8677803786633
2022-02-27,6.067991553606622,20.2647117851939,66.82813130189466,995.9211313143933
2022-02-28,5.681919378193614,19.721319203956384,71.32283292760047,991.6512733204673
2022-03-01,5.302466248111312,21.560657418310946,73.51382206695808,990.1875963688639
2022-03-02,8.693520044924401,25.213412773512733,72.03393127855922,988.0002947576459
2022-03-03,18.96134832209437,38.63633350713181,67.82700398171764,984.861832708631
2022-03-04,5.615569208046545,46.96230409454448,65.52731035807521,985.5584821245476
2022-03-05,4.047258285281333,43.189197641462584,61.953103451116554,988.9288785190504
2022-03-06,5.5281110481294276,36.72057338673863,61.47801639396667,992.8029153453953
2022-03-07,7.233415102943613,33.732006205136784,63.73750344229342,993.7232560701596
2022-03-08,5.3051190825959855,26.464963745338167,65.53464093337391,990.9326708450102
2022-03-09,8.398397929540705,36.16165757406357,65.46691239437924,986.2956037048658
2022-03-10,11.049204750441751,42.51349855999298,67.07565720499443,985.9711898527177
2022-03-11,5.579328864855226,25.64149058362549,67.46778986523242,994.8865534713649
2022-03-12,4.454543782332732,22.42915039045759,68.68531990217267,993.0693835760867
2022-03-13,9.410604143856302,35.34493286426562,67.50744272881425,990.3354094306252
2022-03-14,8.267326994499776,41.89706315278478,69.25594846424394,992.0723960480874
2022-03-15,9.764556798456551,39.9888349375381,69.96851747511172,991.9784955864865
2022-03-16,6.916330997868781,39.32595454226437,70.92974474096896,988.3385884087515
2022-03-17,4.92936807421035,31.01263322695084,73.14368673859853,989.0180369527253
2022-03-18,6.50056216837277,30.80251523953184,72.43429460720932,988.6139590989144
2022-03-19,7.707569417933586,41.76506577724125,68.73418773748121,987.8643896290529
2022-03-20,2.8362156480776592,40.916682582639325,68.62114093191664,986.0172240744129
2022-03-21,4.5554470405981435,33.55966683077539,70.97148533375436,989.5980766641366
2022-03-22,5.394242349356891,32.584949573725325,74.2315687248026,989.4639622470551
2022-03-23,3.908166447783864,27.49537311963264,76.57416163692584,990.8375084975179
2022-03-24,5.495103432468339,32.596819982580094,75.16533361288786,989.2106474678623
2022-03-25,11.213151174735849,38.84398400343204,73.32039166773495,987.9289601252333
2022-03-26,17.34300687233683,42.77269646548788,70.75747782064089,985.7616125135188
2022-03-27,14.154839372181932,44.069389584073456,68.75844138163555,984.1772268612049
2022-03-28,4.496397883460629,51.321158994645714,65.14848346300163,981.8656207148015
2022-03-29,3.7272370104208195,50.06531567344151,65.93720841639193,984.6728287228874
2022-03-30,8.392564499530216,48.44027062719165,67.76971818887803,989.0689907814462
2022-03-31,11.959432017067858,50.29038169116637,67.18519840094542,984.8067258780294
2022-04-01,15.707756828814118,48.28930584031177,68.42087279181058,984.3800297926806
2022-04-02,16.336946161728267,50.61721415796586,67.0273066702967,987.8462161307772
2022-04-03,10.52529646035598,49.30013223582584,68.0275733452748,986.8335239605764
2022-04-04,16.701698146252888,47.32739513629207,68.80927086170576,985.3673509257387
2022-04-05,11.79027435114604,43.92568466901926,72.19058393378049,985.0863577673803
2022-04-06,9.635005630358009,40.630127974964836,76.68716633555663,986.3175755602629
2022-04-07,7.015036171910665,28.073639574449736,81.01200090569785,989.2121567969867
2022-04-08,4.386042214825098,17.881926441396065,83.73912149335094,985.7850960169035
2022-04-09,8.080388868088377,31.162766066066418,78.92590737045876,981.836378659261
2022-04-10,13.036284172788159,44.01630805523235,72.17116930287122,983.118317508045
2022-04-11,10.101638861800476,46.17787503691591,69.36844181452098,984.0417007105067
2022-04-12,2.0732204465554114,29.038138159521854,66.19659431105447,986.9065926809441
2022-04-13,3.5929817247430584,21.32816723750657,67.31176405007533,990.8752596039988
2022-04-14,5.416053802207759,35.17628163261713,67.70367484911463,988.4833609389154
2022-04-15,5.957114126527646,42.12079165290035,68.41611530678749,987.1973130909236
2022-04-16,4.475503086109748,47.05396854760584,68.17302234924729,990.6276795853591
2022-04-17,6.226235107080643,45.61125425700707,69.69764198267248,992.2632729045015
2022-04-18,7.559119400878986,43.1435207310453,70.61253802926575,988.4252425005261
2022-04-19,5.063021712447774,41.5854392897564,70.91128325141055,986.0661274853462
2022-04-20,4.274501163642391,45.3794743900525,69.12153002694417,986.9993445366492
2022-04-21,4.105157813650867,44.91423274702041,66.91780007177921,988.1625250699394
2022-04-22,3.846085583425398,48.05908566002362,66.72351466101232,987.2423724584082
2022-04-23,4.5561943926119675,41.80151325016703,68.5611797354069,989.4371606095531
2022-04-24,4.536134143061501,27.971330944197696,74.6124869403992,987.3448098312878
2022-04-25,5.69773645149255,23.32271195073083,76.61080242331255,986.3249020698711
2022-04-26,9.683414231393137,31.831180988725215,74.46992821322628,984.6306728762794
2022-04-27,15.444245959320929,42.53463360296715,71.07246521635295,985.6900032452126
2022-04-28,13.921153611123438,44.872605712766784,69.12155803704064,987.205329738777
2022-04-29,13.75667191741642,42.34981105496867,69.49286945165436,988.3019529294313
2022-04-30,14.069075464480317,41.13945323106298,72.1043749927447,986.1811212825081
2022-05-01,14.231981052351943,43.61360525509328,71.43794642611329,983.8540016506666
2022-05-02,14.71606273914071,45.08377026115622,71.61397060273764,986.9942906996124
2022-05-03,12.487850450776282,45.56007691032945,71.22736238813881,986.464022897658
2022-05-04,14.797977374537052,44.01332665473063,73.0389158173165,986.8503909066014
2022-05-05,15.777056833930155,43.71183431772437,73.5046324505377,988.5786578953188
2022-05-06,14.772459021315886,41.866108645032526,73.84788627517864,988.2468555169813
2022-05-07,9.92514364261982,44.89950792650738,73.49756138018927,987.3256996008289
2022-05-08,6.842193797458102,44.79469605889006,70.6030028439646,986.5492400417265
2022-05-09,4.348155190397567,36.85450415277577,68.68060337235455,989.0850910026819
2022-05-10,3.4792195520051483,34.86125000596457,67.80653228336232,992.3735279648279
2022-05-11,2.550671673162241,32.16507024740598,67.46890896814135,994.1294463595482
2022-05-12,3.2170648581523715,24.813235443136495,72.60544078837235,995.4402352937068
2022-05-13,4.187362244501343,24.40208552882598,77.7305281661499,991.4543218110811
2022-05-14,6.4377935459664,26.27350603342596,80.85412875285799,989.4150969861341
2022-05-15,7.444357343741506,32.28535907422188,78.26251741096,988.5688173425252
2022-05-16,12.980400274934242,42.600788992338956,74.58582678711603,989.036339430505
2022-05-17,11.829230206240995,45.31463251957761,72.16260407584195,990.6040988256287
2022-05-18,16.122422828255353,45.91282645023976,72.99284673268546,991.1909184600233
2022-05-19,21.345810255951918,49.016032154438896,71.88103291675976,988.6573336495474
2022-05-20,8.604071545362887,51.41866962253505,70.04562499229664,985.5364087395377
2022-05-21,6.201040180938111,48.0819332257653,71.75299848108769,988.8871612331917
2022-05-22,8.433859857661364,45.72998259809183,71.50699775369874,991.0744386425014
2022-05-23,15.744775948608432,47.02404123425611,71.17335236030056,988.1981841836702
2022-05-24,21.389195117875303,45.364537699766096,74.6086533404714,985.1081201818754
2022-05-25,24.401082013918476,45.831366721010056,75.65571659602718,985.9675759079241
2022-05-26,18.06321715580041,46.11261341531814,74.9789054355442,988.1260884415263
2022-05-27,9.656087480484203,44.175387778746185,73.30707138936705,990.3088135204115
2022-05-28,8.974893061909459,48.04506652092489,71.14396358597564,988.1993962063368
2022-05-29,6.8360665829454925,45.31190325372713,72.83741489972608,984.5943190473225
2022-05-30,7.457359879686822,43.053966165048976,73.75052734998057,984.4087806905155
2022-05-31,7.752056598372642,42.409542257678375,74.237993380205,984.9229565512865
2022-06-01,8.02067817161051,41.75031651580945,76.80672091528403,986.5154818442205
2022-06-02,10.253787805949763,45.48076537486268,76.35815637980124,985.9508272354954
2022-06-03,16.297100794462807,47.95398192462294,74.6578222863097,986.164171013522
2022-06-04,11.686280747360824,48.79259600352645,73.76873698400027,988.0412213647071
2022-06-05,9.244477650188001,46.26140768607559,75.62620949463488,987.7695635789318
2022-06-06,6.979526569619918,47.047215125476654,77.6878061936713,986.28816668586
2022-06-07,12.95414306040886,47.88012807535871,77.74133487028486,985.6176048291927
2022-06-08,18.645887384162624,47.6819020771668,77.86326682224941,985.1492382507195
2022-06-09,22.36215663236928,46.916359439408964,78.59676801940373,984.9878591462619
2022-06-10,24.479907767376293,45.79693270384626,79.9574377675422,986.8287434731211
2022-06-11,17.029803873938196,44.600844267112436,79.80826270501531,987.976962777059
2022-06-12,17.18769954887028,44.304270326775814,78.69533209779814,985.9570890835377
2022-06-13,9.89897720169109,47.76325640914886,77.13301438048948,985.8522001808104
2022-06-14,8.519568268472565,45.473117940692156,77.50937955265258,985.9669554377098
2022-06-15,13.217089406934958,45.88176447708577,78.36450151077912,984.9170950140045
2022-06-16,18.32765671141949,47.821395629986185,78.36799828470498,984.2919189720275
2022-06-17,12.88773849234036,47.16621041289568,75.94478436362347,985.0522099495312
2022-06-18,5.16905243516733,41.44259197427308,74.48225534328573,986.6793126729616
2022-06-19,5.084346440036288,38.54359515777252,75.81611759888713,989.0638778834227
2022-06-20,6.008514674433446,32.34100961174638,80.65555967962845,987.2770391973711
2022-06-21,7.451238985691481,36.65902435187695,81.08466914863044,987.4652265350735
2022-06-22,9.573909090383347,42.69233357360164,79.2465616252477,988.7222642219999
2022-06-23,9.777749850009844,40.543151220598716,81.00659330197601,987.3593987306924
2022-06-24,11.953664134305932,38.93181255984463,80.39752786491181,987.1372814531837
2022-06-25,13.214976854606833,39.47116293590123,79.79647886336477,988.4898970540734
2022-06-26,14.707814856142878,40.34887883127577,80.74519933338733,990.2417366155237
2022-06-27,12.346726644663418,38.86630758091787,82.18716206314427,991.4845314558781
2022-06-28,13.083847040923512,37.748321272192406,83.06987593309906,992.0015408721549
2022-06-29,13.114318687511064,40.02300376144214,81.99439729433404,991.9666817521703
2022-06-30,17.36306977636739,42.859070059054616,81.05776966936044,991.5159042979269
2022-07-01,14.151800916410563,42.6191225637244,80.19995287094109,991.2158936630228
2022-07-02,9.264658105211096,42.20855069290745,78.74364204876728,989.4644377235053
2022-07-03,8.276463618990313,43.17607284963899,76.77378344684453,988.7937770214238
2022-07-04,8.77479166728074,43.449093498672,76.34381072328836,989.4014642472699
2022-07-05,36.61531503085583,44.48945680171474,77.34593946805752,989.4948365995272
2022-07-06,4.737224549347523,46.68748502993408,77.7951573086,989.7035700672715
2022-07-07,3.5996202665674994,44.005137560675976,78.92940595025318,989.861043264481
2022-07-08,8.84412965344767,44.92714394156092,78.55458385101714,991.989784569496
2022-07-09,12.621148024289297,44.16718134168749,79.01836077276448,993.8485720713358
2022-07-10,8.452551133937332,41.939574933522515,80.31263129368749,992.1949314434078
2022-07-11,11.873939898828887,44.01918578687564,78.96026467910235,988.9790985414694
2022-07-12,14.470747976605036,45.591361071384505,77.12921043827632,988.5875719678195
2022-07-13,11.684316023751645,45.619584790572446,76.94039068969794,988.9677598755347
2022-07-14,7.808207605343431,45.06134913451736,78.2249258187636,988.8882639165648
2022-07-15,11.72582583815472,45.42634455759739,79.7316613649284,988.8006963939227
2022-07-16,14.098151766470936,44.468433722498645,80.59331969990909,987.3834938552706
2022-07-17,12.864021265171138,44.03799136211311,81.33595267909547,986.3098777648603
2022-07-18,9.02586528972887,42.805925028680676,82.39468022665447,988.6864293968976
2022-07-19,8.185009104755828,39.29730111135145,81.77938797516728,989.9374710958098
2022-07-20,9.06443062346387,39.18403813031103,81.65958219205513,991.0760156607757
2022-07-21,8.87615309493155,39.85450908707019,80.78999296366237,989.2658161070476
2022-07-22,13.168123722092655,44.41121503545054,79.64198909565252,986.6858336460514
2022-07-23,15.289276364393649,46.14736934253838,79.40897273187856,986.2133641975896
2022-07-24,16.76853174480667,47.74423825380521,78.969670454042,986.8362080442506
2022-07-25,13.869826510374583,46.95655924378493,79.07774329529559,987.2436775449728
2022-07-26,13.646665417525533,46.54168089228885,78.46316374906435,988.5671976727444
2022-07-27,11.086575147283064,45.28198452139239,78.19392418753878,988.991724500537
2022-07-28,8.288264008500024,44.16931805321114,78.83683789339092,987.3650612897231
2022-07-29,7.695302415622375,43.61074978974082,80.2354432930364,986.9350853920918
2022-07-30,8.91101076317762,45.834228864712365,79.93366726191226,988.2216113783015
2022-07-31,8.004498390635707,42.234030901594444,82.1495183535534,990.1687913659632
2022-08-01,6.964079727216045,40.65730324382462,82.33329944783151,990.3858863279922
2022-08-02,6.793534898699891,43.860015454592975,80.78814269739424,989.9697180693729
2022-08-03,7.92000704067318,43.84805728713123,80.57410839618007,987.837467212029
2022-08-04,10.449765898277043,45.5757360067099,80.11439646164975,987.1067723325846
2022-08-05,7.240886020772479,41.44688153625849,81.53410550497614,987.9240260069888
2022-08-06,4.706493989343455,41.38197476756708,81.31526955478411,987.5349147462093
2022-08-07,4.955000550684571,35.73784912965755,82.7815513005911,986.894438944152
2022-08-08,6.488730529470097,38.421271270602396,83.61308453959474,987.6221541500219
2022-08-09,6.047018521212359,34.52540655364977,85.20880007546886,987.1660655489443
2022-08-10,5.738431405367602,34.3764942096613,84.66287576745,988.633268469911
2022-08-11,5.474891609739402,34.06153067182227,83.74531476072431,988.7287478685165
2022-08-12,6.111702580025017,35.729137997575826,82.77152991533515,987.2277854286609
2022-08-13,7.128595607346534,35.10548369363416,83.77559527224811,987.3975964256933
2022-08-14,8.132909001709747,35.745072141772944,83.25772199499312,986.85611908271
2022-08-15,8.8542474540382,36.51876644869165,82.42948847093206,984.7386973538916
2022-08-16,8.759627891564822,37.34947647004154,82.25643754820283,983.4900090180104
2022-08-17,8.060968834929087,38.704443347345105,82.07024910974675,985.2125458246546
2022-08-18,8.850796006628077,41.26335165179148,79.54962767397927,985.9038749629422
2022-08-19,11.20986025655302,42.25157902007681,79.02175650029943,982.8101795235673
2022-08-20,14.120980678613657,46.20931588390609,79.21636634580264,983.5587221555525
2022-08-21,15.28557322709693,47.84150244904063,78.82747816552212,988.4416034691693
2022-08-22,13.563953750175559,49.288293997460556,78.16858388447064,987.8403040531441
2022-08-23,17.417231917863056,46.897505989518116,79.4037821572645,982.8513939217091
2022-08-24,14.58178595728315,46.78851538335223,80.68208347501377,983.3426535348076
2022-08-25,9.738782284722992,45.20910463745579,81.75965832798863,986.3771335842686
2022-08-26,13.173206661663608,46.098173631271344,80.2175894537776,986.2178071924283
2022-08-27,10.503609951655779,46.365844659329916,79.23645092120621,984.0154020288251
2022-08-28,10.537172332171846,46.82101967938596,78.69970576919712,983.0992329864529
2022-08-29,10.86603730182281,46.41664979334748,78.3089940891312,984.5759127844592
2022-08-30,14.550650497860357,40.966240112601064,80.71464796028245,985.7725873537368
2022-08-31,12.60493212693991,32.75355392107835,85.12417467239094,983.5394505284262
2022-09-01,14.076976880782347,32.244740498717825,88.07563322154817,980.0353907168452
2022-09-02,13.50418971577489,38.250187746634346,86.6568977574551,980.6748918411322
2022-09-03,11.607863168795886,35.922198533910674,88.1354291514002,982.6678542607342
2022-09-04,9.060643909132619,32.33230826521367,89.97589792194113,983.1444833128554
2022-09-05,10.07488083624567,39.26459489208949,88.46169466927734,981.0349357909348
2022-09-06,8.48043377564859,41.30041186189984,87.1027835509485,982.6948000696406
2022-09-07,8.887465476487304,40.184505468458504,86.97701521709413,985.7011262263787
2022-09-08,9.1762139805996,37.57391626354333,86.45418285665406,981.9940823819453
2022-09-09,6.640971169286705,35.78007852392633,87.4969440403624,974.8542402483201
2022-09-10,7.461733945506619,54.716121306830075,79.92340935131209,983.143940742719
2022-09-11,4.982128789872242,48.276792766130626,83.43601196677845,988.217684894098
2022-09-12,4.461759379185468,48.34732784751492,82.11373920774705,987.7281775946927
2022-09-13,12.44586761509055,46.587839265278596,80.69167426922378,984.6601470396669
2022-09-14,10.801972435460907,47.19734082654898,78.62225837403511,984.9247951596348
2022-09-15,9.93596217500814,46.3368149507263,77.42049545792325,986.7356445215847
2022-09-16,14.6163223315364,46.45339052760867,77.06635128337814,985.6434981262511
2022-09-17,15.23881364163842,47.96962249169506,75.9048494703746,982.867104160241
2022-09-18,9.942943062458953,46.61464429241587,76.13488991973115,982.2860676394962
2022-09-19,4.619198542184692,46.112504564313625,75.33813196361574,983.7709382816964
2022-09-20,3.061327562415418,47.386332768485126,76.65335503298904,985.231400045721
2022-09-21,2.1851859844118904,43.075307159258166,75.98899449657864,986.1109024625903
2022-09-22,3.245716251441822,39.461590927402256,77.29563817712764,986.2956907472909
2022-09-23,4.88467834424667,37.5515661315126,78.95258970982208,985.8432173221978
2022-09-24,5.882952324928904,37.43554118475089,80.67060778762334,988.3403672026453
2022-09-25,7.6899998175577355,37.51038340337856,80.88729848688116,988.0088992428363
2022-09-26,7.8605892473513785,38.47304965128102,81.23888609859509,985.547600404589
2022-09-27,8.781144006373335,39.01637590630265,82.25142504863813,984.4352967803286
2022-09-28,10.784709066051914,40.34142480759982,82.17523803599833,985.8888453982563
2022-09-29,14.846887980530017,46.11084148046104,79.39961114474333,987.8045580461035
2022-09-30,12.492081934673624,47.882492370063716,77.07765743380143,985.2790703798111
2022-10-01,7.627887098790465,45.849719748956446,75.54628512556657,984.0493853048296
2022-10-02,11.65073804302358,46.199805971948656,75.70973106827785,985.6110882682536
2022-10-03,9.018622370915418,47.8139291315292,75.50878378685711,986.6743027591422
2022-10-04,10.763608068101638,47.049571968831906,76.94173105566306,985.3665663453584
2022-10-05,19.59000617170616,48.88791395016867,77.05821672497214,986.2968251795736
2022-10-06,27.57150778450028,50.055356990651006,76.61834311143495,988.3717376345799
2022-10-07,27.58073206815309,49.17922813630514,77.37941716765113,989.6232354273792
2022-10-08,27.07086568852639,49.2388245866043,77.0826069024724,989.4695739213572
2022-10-09,22.41536134639488,49.42528781621079,76.39640577937955,988.8552256408451
2022-10-10,21.956409006337005,50.39550731165701,74.78095190897722,987.6031621932644
2022-10-11,19.650437393573352,50.66228165104595,75.03331375242081,988.1886352759341
2022-10-12,17.863052514278476,52.299224707656975,74.92665209750871,989.5521302116576
2022-10-13,24.940686171024286,52.413204201736335,74.32932494599262,987.508231948111
2022-10-14,22.16308669637693,53.54564309900696,73.14961431286477,984.4787339601165
2022-10-15,9.484852131115149,55.99422199676183,71.81655346826182,984.6928783320784
2022-10-16,8.82581658112047,53.100184074224735,71.85576778717727,987.6481500240926
2022-10-17,11.218457205492562,49.69555695136113,73.0358803366673,988.0099116661147
2022-10-18,11.341472882962922,43.63816033986351,76.72227056011717,987.1490738899597
2022-10-19,6.305081347278869,32.67663437435751,80.26787646152997,987.1883502007407
2022-10-20,5.732025712176583,31.066977559045878,80.09636461038146,985.4244829397115
2022-10-21,15.96181952987652,46.6858743518209,75.77596283981113,984.2614774511306
2022-10-22,15.627945789962338,50.26634218007804,72.35591560248112,982.647113588446
2022-10-23,5.732377679247945,45.97529886335622,70.32807284418618,982.4296067635314
2022-10-24,3.0982048544366507,32.67368159928733,69.79386345211834,990.5672179872431
2022-10-25,3.38800161160717,29.763384764607643,69.74956496585672,990.0427314032272
2022-10-26,4.733220143704849,40.4500614326515,68.94615202622482,986.5602539580249
2022-10-27,7.64086753749097,44.47476900758937,69.06744304370355,987.3690682119609
2022-10-28,10.461415987113343,41.130267786822806,69.81051124042239,990.9524451873618
2022-10-29,10.270303954004039,39.38442179052152,69.5927258527264,990.4572605961882
2022-10-30,9.72651085601706,35.032268331785346,71.06008954317552,987.2942732084064
2022-10-31,11.080608133065795,36.2118062385627,70.88783242960079,984.4816489050843
2022-11-01,15.863672514827568,48.07954361096952,70.18607438006917,984.1408651451145
2022-11-02,5.34234013726847,49.01861340395367,67.21290500722947,987.5824410864528
2022-11-03,2.0481345777236433,36.57412897081946,63.23581856303436,988.9292280600431
2022-11-04,3.288874185042431,31.03476447242643,63.73335168124099,994.5028110564683
2022-11-05,8.1805655834035,36.16723858367737,65.32387490903668,989.1979805377708
2022-11-06,10.700368834388643,43.23942477616868,66.21378702726585,984.2940730405669
2022-11-07,11.00784937557038,58.439275564111234,65.5107499496656,985.8251198966587
2022-11-08,3.791996472280989,59.28814085100336,64.18217565715932,983.4252156333795
2022-11-09,2.1225842198645917,50.3096738862513,62.68553316908581,989.8026324860191
2022-11-10,4.613545553059586,40.55294341130615,62.71608986522735,991.673958094015
2022-11-11,5.355528226135199,32.85868258847451,64.05862327822884,990.2762285566895
2022-11-12,7.834187013939451,32.84745861372752,63.70878425466185,989.1706465724571
2022-11-13,9.887270989096525,38.62875823761789,63.36969071228841,988.212291921164
2022-11-14,7.7672901836572805,35.61508982280192,64.1993831259643,991.2584194514292
2022-11-15,8.26404429484854,33.9995406277231,64.7573439117125,991.5516640215819
2022-11-16,5.9863742233759405,23.360592726396934,66.97054571921716,995.0548732513892
2022-11-17,4.491666416658956,23.90635961389867,65.85790225700173,993.1655971230628
2022-11-18,9.896408115235696,33.885047773565915,64.33576506065342,987.0399854295472
2022-11-19,10.026403041971362,26.66813409597226,66.19866284120907,988.9063733819104
2022-11-20,5.389530538539127,19.571740764034608,66.53928431346874,992.1342562600894
2022-11-21,4.488248515562584,21.223777872187863,66.33117538389267,991.2635940164917
2022-11-22,5.714203245653237,23.643629289759094,65.67877350781514,989.7038839290854
2022-11-23,14.316365298943337,29.438917603769774,64.78214539700724,989.5521048246605
2022-11-24,16.501804500884898,26.826510960937462,66.76713575112382,992.1762523558225
2022-11-25,6.722191641481604,21.489112011293717,66.62644129624111,995.5640504215894
2022-11-26,9.295764340934348,30.223503010009605,64.67443997129801,990.8203198842886
2022-11-27,16.491884938308814,38.71008685685843,64.73405273026462,988.8528756711809
2022-11-28,21.505906263116128,48.03741276152169,64.71596913389638,985.6216505594706
2022-11-29,12.418650303223496,46.60323059657375,64.11021710923355,985.5219605134141
2022-11-30,10.553323214494581,47.655225473505425,62.864486759192104,987.6301235633937
2022-12-01,3.80008637599437,45.02350047258117,62.624201423682834,987.7140028664767
2022-12-02,5.456125547932679,55.04209858829328,61.96381599704634,990.783207865692
2022-12-03,7.415237647048509,52.36892052060862,65.69858806254085,990.3579685588926
2022-12-04,9.849643502173361,55.77722755628985,64.36178667051988,990.3826966499192
2022-12-05,5.912560107391627,51.76327555449792,64.21174020537428,987.7788564447304
2022-12-06,5.44208145278698,49.53889579223057,61.17259181800255,986.8793554492376
2022-12-07,7.243516607125972,48.1887009764144,60.11063974174036,991.2000135551693
2022-12-08,7.876103997513777,45.46876765191557,59.30003473141027,994.1758464165453
2022-12-09,10.777010001143339,44.48248859755081,59.48279483696243,990.5411904158391
2022-12-10,14.224401528733436,49.16864674770378,60.714033011824064,989.1519693442516
2022-12-11,2.885161809298776,54.222844827311405,61.51833990256379,982.7230303666743
2022-12-12,3.569501052279639,50.19709986367509,57.69210230979218,981.1572087390526
2022-12-13,9.065080049159343,44.238132289348286,58.759891286035646,985.2796058092736
2022-12-14,11.862924185919683,42.81001524870041,59.000910091386,989.434990693506
2022-12-15,13.128688342663795,41.72734904382081,60.48800765736196,988.5512024266824
2022-12-16,8.470990460828846,33.96307065998622,62.883601676992676,987.6208053334625
2022-12-17,6.243504502753427,28.460375678675064,61.09247974298846,985.0909800752084
2022-12-18,11.813080839365208,31.92812563524918,60.68716854937345,982.4130411480638
2022-12-19,21.499794414016275,36.78672236842536,60.01078803786415,988.9806327667882
2022-12-20,13.679028873855327,35.67770914450966,61.77358489298161,990.3888537595883
2022-12-21,14.257226379793513,35.768700179994376,63.82581706355184,986.6802625273432
2022-12-22,14.951148670847358,37.292676928096256,64.29929020485825,985.1815434165529
2022-12-23,24.14325166655801,42.435848816230994,64.06395753132065,987.6931787800027
2022-12-24,18.357314147159066,38.57880300303286,66.38335695528389,991.5620057331664
2022-12-25,11.110634370911214,30.43692817579272,69.77619009576493,990.5437177262855
2022-12-26,8.060960732833616,31.729557342229022,69.33757214694342,987.908028813277
2022-12-27,14.940946859956135,45.266334609758964,65.27340500979668,985.3609435827078
2022-12-28,13.590460674742923,54.06718620674618,64.14628983875329,982.5422252978909
2022-12-29,5.978669536786285,54.27699708532894,63.33602101571668,985.1152553300218
2022-12-30,8.694791286123644,56.3111955285073,64.04285247326517,988.2576100916771
2022-12-31,6.1838485469035165,62.31255049133396,63.91542942874073,985.7743724047918
2023-01-01,3.1416282381429395,54.71733269857605,62.49465824838461,980.7106950825828
2023-01-02,5.587807290773185,46.51481277217251,59.32803821538235,986.0920318905937
2023-01-03,4.0734681994905735,58.73281254019018,60.38210486026095,989.2302547912274
2023-01-04,4.7720664509588655,63.75412297436326,63.69595327056383,990.898813336474
2023-01-05,3.3208729704882165,60.58421000344291,63.454326188885055,988.9261911463934
2023-01-06,5.600327918767925,51.82259519705391,61.64239398016227,994.6639820953721
2023-01-07,6.2936637046748185,43.83141006697108,62.90796413817467,993.8675509651085
2023-01-08,13.517132355487329,45.02685171808081,63.43948249295961,993.8578591915522
2023-01-09,6.522050768207231,57.6360186799562,62.89256332206315,992.6804218372002
2023-01-10,2.629533240810162,62.56644094595939,63.58264263599551,990.7983486797118
2023-01-11,5.439684619825908,54.10565799119217,61.64728313254854,996.1045555588588
2023-01-12,3.984349007723783,44.59174533149391,64.88931635977848,995.7485299878493
2023-01-13,5.882574814032691,41.65833221003722,64.80640836287985,993.8390381097176
2023-01-14,12.358063436868719,56.377026127579,61.562393768566125,987.864150425278
2023-01-15,4.323173676587024,58.01380005127798,62.459780272128384,983.3408798591946
2023-01-16,2.196498827662966,56.556366745779385,61.49887976925584,980.4647472973618
2023-01-17,1.9089109264588149,44.75445243382191,60.39411608491346,984.5358044180781
2023-01-18,4.1689319736730335,43.491009849403206,60.50067106241124,991.9286782742735
2023-01-19,8.032822261217914,48.72998774195933,60.32015337563993,992.0212193180678
2023-01-20,7.3636458582203215,42.88627295139803,61.01642615572746,993.5325191599932
2023-01-21,8.17388521294432,38.705588175527126,61.1408403590771,996.9540207058783
2023-01-22,13.131617894099668,38.38865149041239,60.67729487634004,989.4959344435586
2023-01-23,3.0849477569210983,25.293120687554968,62.73119996788287,987.6082253970999
2023-01-24,4.850871249130754,31.76646987927592,62.27986393047631,995.0408282730477
2023-01-25,8.175170059582072,33.407469794849675,63.65144449553923,995.6297778850083
2023-01-26,5.11336983190589,28.294077884994685,65.16935942680972,996.7590550925968
2023-01-27,6.036270953334862,30.475768550716612,64.17530510428602,991.7704216586928
2023-01-28,13.085820979436376,42.59199652784719,62.307809386704875,986.3433169406653
2023-01-29,6.1543030896688276,47.762703794660915,62.11671482259313,984.5778484073443
2023-01-30,3.3062954996621277,51.77821511742242,60.329056233594095,985.2380408725336
2023-01-31,5.750431663122303,33.359716507657566,61.90498038355066,989.345141404264
2023-02-01,4.852813739332242,27.324851039192797,61.970681981977854,992.1771730939998
2023-02-02,7.63989750047192,31.48885785812045,62.74820546554978,996.3606087463033
2023-02-03,7.427919161164797,32.32516040833131,64.99382936480518,993.980556319025
2023-02-04,11.90922145361395,36.37883983733048,64.61798765501217,992.0469184020063
2023-02-05,11.553939595597388,48.54697606847524,64.96008340853291,992.8379355504469
2023-02-06,5.390151769836006,41.15096817286103,63.07214009672069,991.8383178019111
2023-02-07,2.6977056936934116,29.024169693336454,64.8730132061571,994.3801534006366
2023-02-08,5.573765336606584,31.45505472085871,65.55729525442474,994.6141573460986
2023-02-09,6.3210137785845815,29.291488001588196,67.96296184525345,993.6053644172468
2023-02-10,3.2089535701841676,22.027046065822173,68.17601396939675,991.0526158061308
2023-02-11,4.927293550386355,38.04954791805893,62.99299431614317,984.5201494651502
2023-02-12,6.096482530405491,44.744143973646516,60.04729703676299,983.6676508247754
2023-02-13,6.319344130175796,46.96030279836685,61.446895048071575,985.1333494162127
2023-02-14,4.891381802585379,43.358912585936075,61.71546147794954,984.4706660386364
2023-02-15,1.592789346591017,25.925563699040744,59.231515026315975,989.7815370727673
2023-02-16,3.476584327452887,24.83253080248761,59.164267103986965,994.2381029481559
2023-02-17,3.6048369741936224,21.49014292329432,61.62531989015461,989.0171910513465
2023-02-18,6.414522802441483,24.655017500738104,61.927304125353224,987.8179510988691
2023-02-19,13.042723387922777,31.670939166571394,61.98643286490817,988.6716029446783
2023-02-20,10.314821014759357,33.43523654628217,64.84255490456908,989.3378165393642
2023-02-21,9.785803082576813,42.497699188067074,63.63820130867889,981.9310697521455
2023-02-22,2.0964628860721386,35.99020498768184,57.58952148459224,979.6551840269883
2023-02-23,1.7754070003239966,46.18872719998866,56.07782350602254,986.5280652079408
2023-02-24,3.2247593857793366,59.097112368530105,56.736323251075675,986.1177986218411
2023-02-25,2.429647723279774,59.08970243145986,56.82047082846335,981.4281778090401
2023-02-26,6.078782394898629,49.98611311364199,56.859287173934604,988.6404613689703
2023-02-27,6.269227225048132,54.50555188070298,57.78143637014332,989.7342782881828
2023-02-28,3.510140400687109,51.39270451181279,59.57960128210676,985.7864348110282
2023-03-01,1.173999404965516,45.778041944304256,58.1864307310054,977.7730930934787
2023-03-02,2.8887584460468965,34.38922255440176,60.257481413434036,986.8253349719478
2023-03-03,8.661216999884997,44.57549239067354,60.5719666197232,985.4477202166731
2023-03-04,11.240785621803854,48.21951627008478,60.578594962917016,984.9818202629557
2023-03-05,7.073577428006895,48.61241842323101,61.16829269483364,988.3091436126163
2023-03-06,2.351558056813088,47.00059366423636,61.975526941588704,990.0452758568917
2023-03-07,3.37712376004936,43.189806837224566,61.165332580513805,989.1200211192286
2023-03-08,5.08156206854305,44.42477414712183,61.01376353017399,989.5999983635702
2023-03-09,6.949339135667597,42.32499336765302,63.7509565552946,989.2166580955636
2023-03-10,4.460046324476466,56.47048641279127,61.843203626905485,988.5362523172994
2023-03-11,5.331134529834437,61.68838106382879,65.61347642042347,989.0300416533187
2023-03-12,5.277334155942509,56.850868067558324,66.75193555402332,990.982246613506
2023-03-13,8.81326826207549,54.16871965611867,66.5950013932132,991.0948725476311
2023-03-14,13.93311479850534,60.680935494587786,64.58060789593466,988.6918421378656
2023-03-15,2.7091465362441336,61.96050793705218,64.730702575892,985.2799281012844
2023-03-16,5.886906505540312,52.93018233520244,64.00465106726055,988.497165967319
2023-03-17,11.748867770605054,49.46527247098589,64.08749606655486,987.1583764799661
2023-03-18,6.980601553186569,36.865062676339655,67.00897791095626,987.245398829746
2023-03-19,8.673367735499557,44.06250723301709,65.46481284002395,986.733628610404
2023-03-20,6.313713886331704,55.413260832646394,64.23178937443475,984.3268849511295
2023-03-21,2.6724095736065507,57.732615332405196,60.17083896649187,978.1980288860912
2023-03-22,2.7483071755631143,56.26732562751773,59.307104727890014,985.6439985159622
2023-03-23,4.852976558502261,52.3609090133321,62.11838302683049,993.4281782934804
2023-03-24,2.7786995666978753,40.2546057764368,63.928326277210246,994.5402938388286
2023-03-25,3.747807708018337,34.43581754107664,62.792213162044334,990.8601854140885
2023-03-26,5.432461834823106,28.11429710230894,62.75991703962615,990.1303389506037
2023-03-27,5.855429293194605,27.174374954454336,64.69863903991188,990.8014130465169
2023-03-28,5.0069506694050885,28.739330315108326,66.28385234380741,989.6194716867598
2023-03-29,3.5790894462935787,47.74870854829763,62.05338597868329,985.9333520644843
2023-03-30,1.938347318659595,49.10811021152642,59.89999862371417,985.8478527678952
2023-03-31,6.34120659552638,46.07876422394421,61.43767086797413,992.9052929708156
2023-04-01,5.841058103126599,41.74809872614952,65.28651394438401,991.6995428429075
2023-04-02,10.701720644472323,45.44637628972372,64.91588462003784,990.0290311408576
2023-04-03,3.0833141700060693,40.60328596323463,63.58344022445742,985.3366191877593
2023-04-04,1.0276442596273403,26.60813889495815,60.99667837546256,989.246916574504
2023-04-05,3.8270796838360073,30.690071991218403,63.448765922894886,990.0342435763147
2023-04-06,4.827793910840134,28.495195914645183,66.2172238254132,988.5864268533046
2023-04-07,6.434518612726582,33.513425859323725,67.26569979605003,987.8521627342477
2023-04-08,7.025166177568911,44.925934357562966,66.28844293194186,988.3646426429129
2023-04-09,14.85989312747331,47.75149410097126,68.36028170972881,989.8111316675975
2023-04-10,17.87948047220602,47.133294306724586,69.3361597432011,987.9048025465315
2023-04-11,27.48447214334279,49.62110668946648,67.99389357648431,987.0844324880699
2023-04-12,20.081805273889454,54.168052791493594,64.91118852093524,983.2571536414436
2023-04-13,7.58575528513869,55.74157051100863,62.87173587290189,980.3405903496645
2023-04-14,7.061797470106042,50.89614367811721,63.532469411851295,983.7895525236972
2023-04-15,9.23157440618748,46.959706900152554,65.25309895171037,988.32443216852
2023-04-16,11.367282045247599,49.141886655592614,65.0257548871082,988.7596489243398
2023-04-17,17.798603903694225,50.205370484929894,65.1316684450135,985.4869936070289
2023-04-18,11.204037538402595,47.13550673771858,66.11311619027882,985.392256962839
2023-04-19,5.552100038980239,39.715016143993445,65.14468553241986,986.8875256263743
2023-04-20,6.155347196313038,32.42623208886776,69.24804867768451,988.9951730335264
2023-04-21,6.348673162558855,27.647349972035705,74.55175814274985,988.522408124847
2023-04-22,7.544961464943034,32.75029704614837,75.21983191294592,982.0585186219216
2023-04-23,10.721705189133488,44.67364530805943,71.07001769155244,978.802768969155
2023-04-24,15.27623765479863,49.204208481526585,69.10665615436123,980.702356685992
2023-04-25,17.699720364537523,48.51348024137788,68.87718378984512,981.8290472535493
2023-04-26,16.231861903701457,47.685950662577845,69.37647885392943,983.9839019935692
2023-04-27,22.01322172414576,47.46593458703888,69.85411839162605,982.7617265631112
2023-04-28,25.042480348911358,48.331679935431275,68.84065332811267,983.124529836073
2023-04-29,23.315180913144044,51.43677044675084,68.82573703253848,980.9738973794351
2023-04-30,25.310033199392112,51.06901200879477,71.77740005440177,969.7794588947158
2023-05-01,6.656587613384427,51.78118782524862,69.74800360255404,967.2826329908718
2023-05-02,1.780798330670331,45.133045689140765,67.94038646616471,968.9175370938062
2023-05-03,1.9871337787902361,43.44286654108697,67.21881984688038,968.8529610156085
2023-05-04,1.2731325284269046,50.80360436282539,66.98024891649548,967.9668951971714
2023-05-05,1.7765748305739164,47.15217901855779,68.80626639800958,971.8748615590528
2023-05-06,2.6269155765058962,44.561940410164546,69.24425507269976,973.1495933942479
2023-05-07,3.732395637285369,45.17439857263228,70.64441909992655,973.053039587478
2023-05-08,6.58622915477615,46.662529745318295,71.99156196554787,971.5777524496971
2023-05-09,6.485273535133545,49.983901220051855,69.67214207893537,971.1593875387821
2023-05-10,4.1393769164700585,46.36671565572762,70.2280304445619,972.0231422905549
2023-05-11,7.954937145366859,46.76703821165234,71.49942065353979,972.1866468113415
2023-05-12,12.068862280870608,47.27471678236987,72.83598451562841,971.1543962507343
2023-05-13,22.60784959288334,48.04477272689653,74.93583104949951,968.7465325277938
2023-05-14,23.530698362356084,49.618374945030006,75.28106262076021,969.7036480571004
2023-05-15,24.986029658823846,49.73770660124355,75.28351101097407,973.8209196118719
2023-05-16,19.65758033982821,49.28926353060782,75.25741664451286,973.4874662361742
2023-05-17,20.64716347909114,49.58482570497688,74.9122545057988,971.3649459152465
2023-05-18,23.921942897997553,50.07173408866036,74.98756357498286,970.427906706888
2023-05-19,24.413744297922747,52.669006901863796,73.7448223996879,974.190241453329
2023-05-20,24.438860493482128,50.92835348977845,76.0897937439254,975.9558117147493
2023-05-21,17.27660813587544,51.278571711783826,75.83862478146834,974.3984460549208
2023-05-22,19.12811242838639,53.05938253658463,74.92537262003408,971.4926573741254
2023-05-23,10.626873368746962,56.54420396103248,72.1825230393935,971.8855106398714
2023-05-24,8.86546277997473,53.20118383034395,71.68768238084729,971.6382779449177
2023-05-25,5.363680554752723,48.801339285942845,71.3560779239416,970.2768413800409
2023-05-26,4.915977765902796,48.89827195179618,71.14124036998578,971.9129611024327
2023-05-27,7.010851652735916,48.67672535271679,72.62890937268857,972.4885707188552
2023-05-28,12.996207642341387,52.43935918765481,71.6110701576751,971.9397522636684
2023-05-29,9.955800177127045,52.35077637954147,72.97168152737508,972.7782196456393
2023-05-30,5.52394189281362,49.8975835408028,72.07162599248299,972.6278774727639
2023-05-31,3.5959868032603155,50.70182342520496,71.03356992852403,970.5829670223653
2023-06-01,8.393803207871686,52.4506008250706,71.39453687675383,970.7627919624399
2023-06-02,8.88663181055119,48.735182325452364,74.09982367964713,972.0611554745265
2023-06-03,11.77380375787605,48.37166673933296,74.33509198092267,970.5055843168344
2023-06-04,18.803493054676018,50.937281037855726,74.10042270664192,969.3875768686116
2023-06-05,10.654092977055862,51.97746054458264,71.49838741040429,969.2725260055388
2023-06-06,5.868989781514985,46.398798206219844,71.71850328973815,969.7133273975818
2023-06-07,3.7624337720653043,49.21129271558712,72.5436616223108,970.086904231996
2023-06-08,6.513982038728719,49.0341835166474,73.11030457328175,972.5656606551634
2023-06-09,10.470404103848441,51.35053397756861,72.70042605744888,972.8160023966383
2023-06-10,13.069604791734118,52.36826039911786,72.65817243853799,969.4266161058482
2023-06-11,5.459826090332006,54.2183505262919,72.97968772425592,982.8874283962848
2023-06-12,5.764536463835324,52.4177783229084,73.83487069215289,988.1922448575716
2023-06-13,6.402574248181948,50.588291597426625,74.67640333737644,987.6912030901918
2023-06-14,14.018243228441362,53.97008425491536,72.93967423482371,985.2562347846164
2023-06-15,10.801448392781598,54.34762606715327,74.18102256587338,984.4327082716021
2023-06-16,13.445703956165692,52.86593791298835,76.42367838688163,985.7072746341628
2023-06-17,14.34903881728244,50.44376161263253,78.90020698445632,985.9596347586122
2023-06-18,15.626986800834546,52.919348651526505,76.39781646984075,984.4846594161828
2023-06-19,10.855414540482588,52.275922449595036,75.00540106146414,985.5428320602351
2023-06-20,7.303811780242277,47.04931379092409,77.03267806826959,987.1850555138668
2023-06-21,5.6298326338564335,43.89095059509453,77.69101672808752,986.2849070117708
2023-06-22,7.899786254404692,46.488327800926754,74.88116001551036,985.8632627130104
2023-06-23,7.017952983146113,44.816148516499524,74.6621168803083,987.5480504748693
2023-06-24,6.591265855452105,45.554381684827824,75.90350529558258,987.4476438128692
2023-06-25,11.00762027191012,46.1870268678366,75.79704517249144,988.0361104341904
2023-06-26,9.45345318226334,45.95712692847813,76.54300662184312,985.3216590633571
2023-06-27,11.93248815184652,46.40915033116612,77.48383753642855,982.8717450002907
2023-06-28,12.536363933217705,48.38452576386644,76.4031485633703,983.2776262436222
2023-06-29,15.126512061142453,47.85221506835755,77.95285157774947,983.4391732471602
2023-06-30,20.62358325876218,48.43039401097523,79.36239279874255,982.8718078732842
2023-07-01,22.698949310903252,47.78865787024886,81.14474881795475,983.806590344041
2023-07-02,21.100322095444387,48.42247593062536,81.21120494960553,984.4530793146428
2023-07-03,20.12491883004926,48.20638378401045,80.44087044357046,984.0489069993334
2023-07-04,19.54039284498936,46.71728502536507,79.42063683456664,987.3184666675552
2023-07-05,45.077308918912166,45.477867344425654,79.15297081350961,988.548014192129
2023-07-06,17.87156144904029,46.35845915517769,78.15473545515137,987.6467213946162
2023-07-07,13.965548809556456,46.47547633161414,78.45710640617109,985.9056321385556
2023-07-08,14.77165006863724,46.97679660980341,78.93098727208262,985.0599065918055
2023-07-09,16.05371678011212,47.54508869511605,79.24030509023812,987.0498998239879
2023-07-10,8.668376683322485,43.91395346198671,81.31751296717242,987.7649876033545
2023-07-11,12.240463648504745,41.67815671063714,83.06960254560762,989.3929671997416
2023-07-12,8.394636288375965,34.6575276167643,85.51548324258395,989.6634538263144
2023-07-13,5.08503533033043,33.91782097796947,86.25640541491322,988.6097823688995
2023-07-14,6.1299358456991655,36.86527322297902,85.71540073395886,986.4055706463901
2023-07-15,11.716031659141043,41.932618228619056,84.84959024315103,985.6844977965195
2023-07-16,14.483521189977743,45.142145367046936,85.02741263405369,986.7424678192485
2023-07-17,15.212195350733055,44.702874825748175,85.98207982481814,987.3602359951119
2023-07-18,11.038960164464042,42.685942221183815,86.1443482130411,988.1057908930977
2023-07-19,8.333645255146491,40.96352985739026,86.50502123122644,989.0801243112015
2023-07-20,11.425619635317677,39.78139629158684,87.18019655816322,989.1105310765818
2023-07-21,13.151745833215905,42.38395400449323,85.2165535845961,987.927626082601
2023-07-22,19.893678799248754,44.767996393202026,84.31413624855207,986.386753630795
2023-07-23,17.256195131348495,47.196152670841784,83.44636587736413,987.8082901833694
2023-07-24,15.860306803070715,45.98177139663679,86.04279536130468,990.3579811183083
2023-07-25,15.213374442512553,43.80241855588626,87.30427504093292,990.1501963688551
2023-07-26,10.028659875493801,41.09127407169304,88.4365109420063,989.2053014614335
2023-07-27,9.018731799759813,40.279735923201436,88.14234986801439,988.2045366859788
2023-07-28,13.13740264060896,45.50867030654042,85.98962004856374,988.509029844424
2023-07-29,18.56495579324558,45.914493131663505,86.50044373406669,989.2939432017008
2023-07-30,16.89642998488915,46.07672460713762,86.44601351053267,988.145202049386
2023-07-31,13.544247640497023,45.39290610294221,87.13838402096228,988.7593804821518
2023-08-01,13.234046604084531,44.98325945537032,86.87024377687483,990.4713185432055
2023-08-02,9.882872543829178,41.62195062962008,85.49131904603377,991.2179093723904
2023-08-03,8.088804711466844,41.40821529771769,83.09992082590598,990.9508786023204
2023-08-04,9.080704401440716,44.240296593294694,82.77524283845838,989.3759040736138
2023-08-05,10.7237029775783,45.08658104166432,84.40749923375691,988.018051634286
2023-08-06,14.905396385378465,45.582451467232985,84.58164549927065,989.7397331146848
2023-08-07,21.4268036420093,44.03643122060842,84.39345504122194,992.244418061715
2023-08-08,11.023887180702182,43.856776195119096,83.5395679388571,992.3996284381648
2023-08-09,11.858478195770552,49.6828013528558,83.0148588984047,990.5464030210758
2023-08-10,9.832403740366724,50.21303375407973,82.02180715691269,990.5611702985007
2023-08-11,10.347860076456664,50.717991224274996,81.91214459814967,991.2858970862623
2023-08-12,12.76321644152322,49.746047666426115,83.04141336431213,993.7398763967752
2023-08-13,11.509302286499945,49.05136943427588,83.29530119762568,992.0231512494953
2023-08-14,13.952646310797636,48.96804174945662,83.70612591219091,990.0313544957905
2023-08-15,14.228902140832936,47.23612701411894,84.879600784921,989.6640067914133
2023-08-16,8.75428035241389,44.110843724129246,86.31587461772897,988.3141597936459
2023-08-17,12.191000951033859,44.48799285393994,85.04081475033732,986.751623910798
2023-08-18,13.0352698223113,43.84924994600195,83.63999328329108,986.44957165259
2023-08-19,7.270717318563021,44.7437165857591,81.90046704907495,986.00278112367
2023-08-20,5.888446009168741,56.25175652995072,81.52028283575515,980.0239014816334
2023-08-21,4.950913365957625,54.59872101108599,80.804845119994,990.6504393329836
2023-08-22,7.160199009216203,48.43375193205727,83.02552392151648,991.2149240412108
2023-08-23,9.622158726668301,46.693613904692235,84.2152855724428,989.1255745313729
2023-08-24,17.381034821664997,48.81608373400308,82.7741862327827,989.862286119677
2023-08-25,12.199289262380379,47.863509240891375,82.17131595952621,990.3706174836625
2023-08-26,11.73790498569497,43.87620315800632,83.79711940039526,990.3692964856903
2023-08-27,13.513146087767579,38.94430709509732,86.15261150088736,989.39935882251
2023-08-28,12.963735653176151,37.51471896164712,88.74827434857607,987.9252930485754
2023-08-29,12.904748481473527,38.09608995915671,88.94255365601548,987.4494638332606
2023-08-30,13.869003440598362,39.37022432408594,87.61831297553803,986.8563244343155
2023-08-31,15.776473040716773,46.22557138853528,85.15047815487948,986.4935916392614
2023-09-01,16.742142022321744,48.27086500743677,83.6258730813518,987.3385224184846
2023-09-02,10.921788636835595,55.714081370802134,81.81021755763318,991.8328572196745
2023-09-03,7.260999379885087,48.29588907557437,82.47602059478793,992.5826242938585
2023-09-04,10.113146160234148,48.035585416081354,80.85812849525279,989.284971764909
2023-09-05,11.645796435675244,51.52224147244225,80.01053996565334,988.5957083341333
2023-09-06,10.972818490151997,47.50134698936682,82.68720036960809,990.2073991605457
2023-09-07,13.039553409079117,47.13134338454004,82.56843835940408,990.3355154083325
2023-09-08,10.98409906309949,42.46462442901751,85.6723609616348,991.8832423169273
2023-09-09,10.0769229588115,40.88128219907676,87.55925741545629,991.6375799506915
2023-09-10,8.326131892014805,39.886928184199796,88.42619548603962,989.8380557095005
2023-09-11,9.018171681190552,44.15229686219713,85.8502462927487,989.3495809703039
2023-09-12,7.185897859136139,45.12796953408795,84.27876205077463,989.1805868990427
2023-09-13,11.277428221712077,48.41964149084241,81.75787184935992,990.0288268627517
2023-09-14,13.618278771037383,48.62934393581773,81.52822407420585,990.1167113390554
2023-09-15,18.012350879420023,49.962237102851304,80.72014795911879,990.5936115527084
2023-09-16,17.856335291483862,52.91611488150388,79.27969582663485,990.9440627278888
2023-09-17,12.671455206713611,54.72484883100892,78.88612756092587,991.3613665846333
2023-09-18,10.520363599968821,48.83297173862639,80.5901588963905,991.2509822999617
2023-09-19,13.904240905900016,49.76304472548689,79.69746822067553,989.6356594187752
2023-09-20,13.214650506915657,49.19290279894209,79.68253096836479,987.8906369721
2023-09-21,27.011873735470914,50.01200263760812,78.67507378630603,988.7625861669495
2023-09-22,33.44946045417993,48.93193140075854,77.26044804469095,990.542118218802
2023-09-23,37.3719447237833,47.879929497543074,79.67440684265901,991.1083630848935
2023-09-24,39.118403205147494,48.13373301795949,80.00786094567175,991.2972120649617
2023-09-25,33.6037642406632,48.74258521296951,78.35545684491008,992.2048629678633
2023-09-26,17.153771516446017,45.54046322827089,79.88216540450267,991.2758949880028
2023-09-27,11.38395212849641,46.11935652095047,80.30328402220049,988.2214103744191
2023-09-28,14.579479723412573,50.71365007882062,79.77876086198452,986.9777788517873
2023-09-29,13.989262067765601,51.101934783131725,78.22921792974685,986.5887828260232
2023-09-30,6.230152948553615,53.3212403267464,76.0037899666683,985.8825851953836
2023-10-01,4.37774410941689,47.50930219307954,74.47888830917695,986.9349977615682
2023-10-02,6.595684841066062,47.53207790729164,74.51241610552076,990.0733550329777
2023-10-03,9.286522361842762,46.35158718327779,78.18757292620793,989.5523316244268
2023-10-04,8.827921036608817,39.89071895476612,82.13316751092631,988.2896767609826
2023-10-05,6.4410626147033145,36.57595245901048,84.85095123633278,989.6275006972223
2023-10-06,6.493146676305676,36.0634296388442,85.3838052413885,988.3182745064502
2023-10-07,10.63145708931386,41.381419106797,83.99875823596882,987.3987905891319
2023-10-08,16.00342296182613,45.04249227769709,82.53972360679397,987.7381507238149
2023-10-09,25.15276531602682,48.385912203518124,79.88781437908726,986.4951187882058
2023-10-10,12.780761255446617,50.71333520464877,77.90111242233378,984.4382076739463
2023-10-11,7.039510271253722,47.96745784201863,78.66585356716199,981.5720437644783
2023-10-12,6.850618814884144,44.67294628942423,78.005131771569,983.3700901053081
2023-10-13,9.219560033424438,46.185871193243074,78.40831063898548,988.1085794854239
2023-10-14,11.904844331835537,46.66253232151573,78.37353040343451,992.3807567981518
2023-10-15,8.343508045077769,38.060497815038424,80.96348617723238,992.5795157781318
2023-10-16,9.095283741302659,40.57244170560521,80.99729998331142,991.1855700927991
2023-10-17,9.562594725432945,48.7615531026165,77.59306222561976,989.8277756898642
